assured_age,nominee_relation,occupation,policy sumassured,premium,premiumpaymentmode,annual income,holdermaritalstatus,indiv_requirementflag,policy term,policy payment term,product type,channel,fraud category
51,spouse,service,"  500,000 ","  50,000 ",yearly,"  600,000 ",married,non medical,12,10,ulip,bancassurance,misrepresentation
48,wife,service,"  500,000 ","  50,000 ",yearly,"  480,000 ",married,non medical,12,10,ulip,bancassurance,misrepresentation
44,wife,service,"  200,000 ","  5,000 ",yearly,"  300,000 ",married,non medical,15,10,traditional,retail agency,misrepresentation
53,wife,service,"  500,000 ","  30,932 ",yearly,"  500,000 ",married,non medical,10,10,traditional,bancassurance,misrepresentation
49,wife,service,"  500,000 ","  50,000 ",yearly,"  660,000 ",married,medical,12,10,ulip,bancassurance,misrepresentation
55,wife,service,"  500,000 ","  50,000 ",yearly,"  960,000 ",married,non medical,12,10,ulip,bancassurance,misrepresentation
50,daughter,housewife,"  150,000 ","  5,000 ",yearly,"  259,000 ",married,non medical,15,10,traditional,retail agency,misrepresentation
47,wife,service,"  2,000,000 ","  200,000 ",yearly,"  840,000 ",married,non medical,12,10,ulip,bancassurance,misrepresentation
54,wife,business,"  497,000 ","  49,700 ",yearly,"  420,000 ",married,non medical,12,10,ulip,retail agency,misrepresentation
48,son,agriculturist,"  500,000 ","  50,000 ",yearly,"  750,000 ",married,medical,12,10,ulip,bancassurance,misrepresentation
54,wife,service,"  500,000 ","  32,641 ",yearly,"  800,000 ",married,non medical,10,10,traditional,bancassurance,misrepresentation
34,husband,service,"  1,700,000 ","  29,150 ",yearly,"  660,000 ",married,medical,10,10,traditional,bancassurance,misrepresentation
59,son,business,"  1,045,000 ","  102,758 ",yearly,"  1,200,000 ",married,medical,26,10,traditional,bancassurance,misrepresentation
53,wife,agriculturist,"  550,000 ","  52,250 ",yearly,"  600,000 ",married,non medical,26,10,traditional,bancassurance,misrepresentation
53,wife,retired,"  100,000 ","  5,000 ",yearly,"  1,660,000 ",married,non medical,15,10,traditional,retail agency,misrepresentation
60,wife,retired,"  1,200,000 ","  261,250 ",yearly,"  2,000,000 ",married,medical,12,10,traditional,bancassurance,misrepresentation
13,father,agriculturist,"  420,000 ","  51,125 ",yearly,"  504,000 ",married,non medical,15,10,traditional,bancassurance,misrepresentation
46,wife,service,"  750,000 ","  72,599 ",quarterly,"  370,000 ",married,non medical,15,10,traditional,retail agency,misrepresentation
49,wife,agriculturist,"  550,000 ","  52,250 ",yearly,"  504,000 ",married,non medical,26,10,traditional,bancassurance,misrepresentation
49,son,service,"  1,000,000 ","  100,000 ",yearly,"  732,000 ",married,non medical,12,10,ulip,bancassurance,misrepresentation
52,wife,service,"  500,000 ","  50,000 ",yearly,"  960,000 ",married,non medical,12,10,ulip,bancassurance,misrepresentation
55,son,business,"  1,000,000 ","  100,000 ",yearly,"  420,000 ",married,non medical,15,10,ulip,retail agency,misrepresentation
33,husband,service,"  135,000 ","  10,235 ",yearly,"  180,000 ",married,non medical,15,10,traditional,retail agency,misrepresentation
56,wife,service,"  500,000 ","  36,230 ",yearly,"  744,000 ",married,medical,10,10,traditional,bancassurance,misrepresentation
58,wife,business,"  550,000 ","  56,818 ",monthly,"  480,000 ",married,medical,26,10,traditional,retail agency,misrepresentation
60,wife,retired,"  1,100,000 ","  104,500 ",yearly,"  600,000 ",married,medical,26,10,traditional,bancassurance,misrepresentation
47,daughter,service,"  2,200,000 ","  209,000 ",yearly,"  720,000 ",married,medical,36,10,traditional,retail agency,misrepresentation
53,son,business,"  60,000 ","  3,000 ",yearly,"  240,000 ",married,non medical,10,10,traditional,retail agency,misrepresentation
41,wife,agriculturist,"  1,500,000 ","  150,000 ",yearly,"  500,000 ",married,non medical,15,10,ulip,retail agency,misrepresentation
50,son,agriculturist,"  550,000 ","  52,250 ",yearly,"  360,000 ",married,medical,36,10,traditional,retail agency,misrepresentation
33,wife,agriculturist,"  300,000 ","  30,000 ",yearly,"  540,000 ",married,medical,12,10,ulip,institutional alliance,misrepresentation
53,wife,service,"  500,000 ","  17,227 ",yearly,"  700,000 ",married,non medical,15,10,traditional,bancassurance,misrepresentation
48,wife,service,"  700,000 ","  33,759 ",yearly,"  720,000 ",married,non medical,10,10,traditional,bancassurance,misrepresentation
55,wife,service,"  500,000 ","  50,000 ",yearly,"  780,000 ",married,non medical,12,10,ulip,bancassurance,misrepresentation
48,wife,service,"  1,000,000 ","  100,000 ",yearly,"  540,000 ",married,non medical,12,10,ulip,bancassurance,misrepresentation
55,wife,service,"  550,000 ","  52,250 ",yearly,"  624,000 ",married,non medical,26,10,traditional,bancassurance,misrepresentation
48,wife,service,"  132,000 ","  19,476 ",yearly,"  540,000 ",married,medical,13,10,traditional,bancassurance,misrepresentation
30,wife,service,"  1,500,000 ","  22,509 ",yearly,"  326,292 ",married,non medical,10,10,traditional,bancassurance,misrepresentation
27,daughter,housewife,"  420,000 ","  52,250 ",yearly,"  600,000 ",married,non medical,15,10,traditional,bancassurance,misrepresentation
35,spouse,business,"  350,000 ","  5,000 ",yearly,"  420,000 ",married,non medical,15,10,traditional,retail agency,misrepresentation
47,spouse,service,"  700,000 ","  30,269 ",yearly,"  420,000 ",married,medical,10,10,traditional,bancassurance,misrepresentation
55,son,agriculturist,"  550,000 ","  52,250 ",yearly,"  480,000 ",married,non medical,36,10,traditional,bancassurance,misrepresentation
50,spouse,service,"  500,000 ","  50,000 ",yearly,"  960,000 ",married,non medical,12,10,ulip,bancassurance,misrepresentation
48,spouse,service,"  825,000 ","  78,375 ",yearly,"  420,000 ",married,non medical,23,10,traditional,bancassurance,misrepresentation
45,wife,service,"  300,000 ","  30,000 ",yearly,"  504,000 ",married,medical,12,10,ulip,bancassurance,misrepresentation
49,wife,service,"  2,100,000 ","  300,000 ",yearly,"  800,000 ",married,non medical,12,10,ulip,bancassurance,misrepresentation
53,wife,service,"  400,000 ","  40,000 ",yearly,"  720,000 ",married,non medical,12,10,ulip,bancassurance,misrepresentation
34,wife,business,"  1,000,000 ","  10,398 ",yearly,"  520,000 ",married,non medical,15,10,traditional,retail agency,misrepresentation
51,son,business,"  550,000 ","  52,250 ",yearly,"  480,000 ",widowed,non medical,26,10,traditional,retail agency,misrepresentation
50,wife,self-employed,"  150,000 ","  5,000 ",yearly,"  250,000 ",married,non medical,15,10,traditional,retail agency,misrepresentation
52,spouse,service,"  500,000 ","  30,378 ",yearly,"  780,000 ",married,medical,10,10,traditional,bancassurance,misrepresentation
60,spouse,self-employed,"  550,000 ","  52,250 ",yearly,"  480,000 ",married,medical,26,10,traditional,retail agency,misrepresentation
60,wife,service,"  550,000 ","  49,101 ",yearly,"  600,000 ",married,medical,10,10,traditional,bancassurance,misrepresentation
53,wife,agriculturist,"  500,000 ","  50,000 ",yearly,"  420,000 ",married,non medical,12,10,ulip,retail agency,misrepresentation
37,wife,self-employed,"  275,000 ","  5,000 ",yearly,"  240,000 ",married,non medical,15,10,traditional,retail agency,misrepresentation
47,wife,business,"  700,000 ","  52,483 ",yearly,"  340,000 ",married,medical,15,10,traditional,retail agency,misrepresentation
55,wife,service,"  400,000 ","  40,000 ",yearly,"  540,000 ",married,non medical,12,10,ulip,bancassurance,misrepresentation
15,spouse,service,"  4,675,000 ","  444,125 ",yearly,"  6,000,000 ",married,non medical,36,10,traditional,retail agency,misrepresentation
46,son,business,"  150,000 ","  5,000 ",yearly,"  240,000 ",married,non medical,15,10,traditional,retail agency,misrepresentation
54,son,agriculturist,"  500,000 ","  50,000 ",yearly,"  360,000 ",married,non medical,15,10,ulip,retail agency,misrepresentation
52,spouse,service,"  620,000 ","  36,373 ",yearly,"  636,000 ",married,medical,10,10,traditional,bancassurance,misrepresentation
51,son,service,"  270,000 ","  52,250 ",yearly,"  800,000 ",married,non medical,12,10,traditional,bancassurance,misrepresentation
54,son,service,"  500,000 ","  33,946 ",half yearly,"  672,000 ",married,medical,10,10,traditional,bancassurance,misrepresentation
30,daughter,service,"  500,000 ","  50,000 ",yearly,"  600,000 ",widowed,non medical,12,10,ulip,retail agency,misrepresentation
23,mother,service,"  475,000 ","  5,000 ",yearly,"  144,000 ",single,non medical,15,10,traditional,retail agency,misrepresentation
60,wife,retired,"  960,000 ","  209,000 ",yearly,"  720,000 ",married,medical,12,10,traditional,bancassurance,misrepresentation
48,wife,business,"  300,000 ","  30,000 ",yearly,"  300,000 ",married,non medical,12,10,ulip,bancassurance,misrepresentation
44,wife,service,"  300,000 ","  30,000 ",yearly,"  624,000 ",married,non medical,12,10,ulip,bancassurance,misrepresentation
60,wife,self-employed,"  441,000 ","  101,612 ",yearly,"  600,000 ",married,medical,15,10,traditional,bancassurance,misrepresentation
51,wife,service,"  500,000 ","  31,799 ",yearly,"  600,000 ",married,medical,10,10,traditional,bancassurance,misrepresentation
49,wife,service,"  520,000 ","  52,000 ",yearly,"  800,000 ",married,medical,12,10,ulip,bancassurance,misrepresentation
56,spouse,service,"  570,000 ","  20,258 ",yearly,"  700,000 ",married,medical,19,10,traditional,retail agency,misrepresentation
46,wife,agriculturist,"  550,000 ","  52,250 ",yearly,"  400,000 ",married,non medical,26,10,traditional,bancassurance,misrepresentation
53,wife,service,"  1,750,000 ","  250,000 ",yearly,"  720,000 ",married,non medical,12,10,ulip,bancassurance,misrepresentation
36,wife,business,"  335,000 ","  20,525 ",yearly,"  240,000 ",married,non medical,20,10,traditional,retail agency,misrepresentation
53,wife,service,"  270,000 ","  52,250 ",yearly,"  396,000 ",married,non medical,12,10,traditional,bancassurance,misrepresentation
52,spouse,service,"  300,000 ","  30,000 ",yearly,"  480,000 ",married,medical,12,10,ulip,bancassurance,misrepresentation
52,brother,agriculturist,"  100,000 ","  5,000 ",yearly,"  260,000 ",single,non medical,10,10,traditional,bancassurance,misrepresentation
40,son,service,"  1,600,000 ","  39,927 ",yearly,"  540,000 ",married,non medical,10,10,traditional,bancassurance,misrepresentation
54,wife,service,"  500,000 ","  50,000 ",yearly,"  480,000 ",married,non medical,12,10,ulip,retail agency,misrepresentation
52,son,housewife,"  100,000 ","  5,000 ",yearly,"  350,000 ",married,non medical,15,10,traditional,bancassurance,misrepresentation
41,mother,service,"  1,270,500 ","  172,425 ",yearly,"  600,000 ",single,non medical,15,10,traditional,bancassurance,misrepresentation
43,son,business,"  500,000 ","  50,000 ",yearly,"  300,000 ",married,non medical,14,10,ulip,bancassurance,misrepresentation
57,wife,service,"  4,200,000 ","  600,000 ",yearly,"  1,800,000 ",married,non medical,10,10,ulip,bancassurance,misrepresentation
49,wife,service,"  400,000 ","  40,000 ",yearly,"  500,000 ",married,non medical,12,10,ulip,bancassurance,misrepresentation
55,wife,service,"  500,000 ","  34,401 ",yearly,"  720,000 ",married,non medical,10,10,traditional,bancassurance,misrepresentation
38,wife,business,"  275,000 ","  5,000 ",yearly,"  300,000 ",married,medical,15,10,traditional,retail agency,misrepresentation
46,wife,agriculturist,"  205,000 ","  30,681 ",yearly,"  300,000 ",married,non medical,12,10,traditional,bancassurance,misrepresentation
54,wife,business,"  100,000 ","  5,000 ",yearly,"  310,000 ",married,non medical,10,10,traditional,retail agency,misrepresentation
53,wife,retired,"  600,000 ","  60,000 ",yearly,"  480,000 ",married,non medical,15,10,ulip,retail agency,misrepresentation
57,wife,service,"  520,000 ","  39,652 ",yearly,"  540,000 ",married,medical,10,10,traditional,bancassurance,misrepresentation
52,spouse,service,"  300,000 ","  30,000 ",yearly,"  1,020,000 ",married,medical,12,10,ulip,bancassurance,misrepresentation
50,husband,housewife,"  500,000 ","  50,000 ",yearly,"  360,000 ",married,non medical,15,10,ulip,retail agency,misrepresentation
56,wife,service,"  530,000 ","  29,343 ",yearly,"  840,000 ",married,medical,10,10,traditional,bancassurance,misrepresentation
55,wife,service,"  500,000 ","  34,401 ",yearly,"  600,000 ",married,non medical,10,10,traditional,bancassurance,misrepresentation
48,sister,service,"  300,000 ","  30,000 ",yearly,"  960,000 ",married,medical,12,10,ulip,bancassurance,misrepresentation
26,father,service,"  1,800,000 ","  24,773 ",yearly,"  540,000 ",single,non medical,10,10,traditional,bancassurance,misrepresentation
53,son,service,"  500,000 ","  24,725 ",yearly,"  750,000 ",married,medical,10,10,traditional,bancassurance,misrepresentation
42,daughter,service,"  400,000 ","  5,000 ",yearly,"  600,000 ",widowed,non medical,10,10,traditional,retail agency,misrepresentation
52,wife,agriculturist,"  1,100,000 ","  104,500 ",yearly,"  600,000 ",married,non medical,26,10,traditional,bancassurance,misrepresentation
53,wife,business,0 ,"  400,000 ",yearly,"  1,050,000 ",married,non medical,10,10,ulip,bancassurance,document tampering
44,wife,agriculturist,"  4,200,000 ","  600,000 ",yearly,"  2,112,000 ",married,non medical,10,10,ulip,bancassurance,document tampering
31,mother,service,"  2,200,000 ","  204,500 ",yearly,"  1,056,000 ",married,non medical,26,10,traditional,retail agency,document tampering
42,spouse,business,"  5,600,000 ","  800,000 ",yearly,"  2,100,000 ",married,non medical,10,10,ulip,retail agency,document tampering
48,wife,agriculturist,0 ,"  500,000 ",yearly,"  1,340,000 ",married,non medical,10,10,pension,bancassurance,document tampering
58,wife,agriculturist,0 ,"  300,000 ",yearly,"  1,000,000 ",married,non medical,10,10,pension,retail agency,document tampering
42,mother,service,"  14,000,000 ","  2,000,000 ",half yearly,"  5,000,000 ",single,medical,15,10,ulip,retail agency,document tampering
58,husband,housewife,0 ,"  500,000 ",yearly,"  1,560,000 ",married,non medical,10,10,pension,bancassurance,document tampering
58,spouse,retired,0 ,"  500,000 ",yearly,"  3,000,000 ",married,non medical,10,10,pension,bancassurance,document tampering
33,father,service,"  10,500,000 ","  1,500,000 ",yearly,"  4,500,000 ",married,non medical,10,10,ulip,bancassurance,document tampering
27,daughter,business,"  300,000 ","  30,000 ",yearly,"  420,000 ",widowed,non medical,12,10,ulip,retail agency,document tampering
30,father,service,"  4,200,000 ","  600,000 ",yearly,"  2,000,000 ",married,non medical,20,10,ulip,retail agency,document tampering
55,spouse,retired,0 ,"  600,000 ",yearly,"  2,400,000 ",married,non medical,15,10,pension,bancassurance,document tampering
48,wife,service,"  2,500,000 ","  10,918 ",yearly,"  960,000 ",married,medical,10,10,traditional,bancassurance,document tampering
38,spouse,service,"  750,000 ","  600,000 ",single,"  1,200,000 ",married,non medical,10,10,ulip,bancassurance,document tampering
42,spouse,service,"  4,200,000 ","  600,000 ",yearly,"  1,500,000 ",married,non medical,10,10,ulip,bancassurance,document tampering
21,mother,service,"  10,000,000 ","  1,022,500 ",yearly,"  1,800,000 ",single,non medical,79,10,traditional,bancassurance,document tampering
70,wife,business,0 ,"  1,501,000 ",yearly,"  7,200,000 ",married,non medical,10,10,ulip,bancassurance,document tampering
13,spouse,business,"  1,000,000 ","  100,000 ",yearly,"  500,000 ",married,non medical,12,10,ulip,bancassurance,document tampering
47,son,service,0 ,"  500,000 ",yearly,"  6,000,000 ",married,non medical,15,10,pension,bancassurance,document tampering
53,husband,service,0 ,"  1,000,000 ",yearly,"  7,200,000 ",married,non medical,10,10,ulip,bancassurance,document tampering
25,mother,service,"  2,500,000 ","  250,000 ",yearly,"  1,500,000 ",single,non medical,12,10,ulip,institutional alliance,document tampering
25,mother,service,"  6,600,000 ","  613,500 ",yearly,"  1,200,000 ",single,non medical,26,10,traditional,retail agency,document tampering
30,sister,service,"  2,520,000 ","  418,000 ",yearly,"  1,300,000 ",married,non medical,12,10,traditional,bancassurance,document tampering
21,spouse,agriculturist,"  500,000 ","  50,000 ",yearly,"  200,000 ",married,non medical,9,10,ulip,retail agency,document tampering
34,wife,profession,0 ,"  500,000 ",yearly,"  3,600,000 ",married,non medical,10,10,pension,bancassurance,document tampering
22,mother,service,"  4,200,000 ","  600,000 ",yearly,"  1,450,000 ",single,non medical,30,10,ulip,retail agency,document tampering
60,wife,retired,0 ,"  200,000 ",yearly,"  1,200,000 ",married,non medical,10,10,ulip,bancassurance,document tampering
20,father,student,"  4,200,000 ","  600,000 ",yearly,"  2,400,000 ",single,non medical,10,10,ulip,bancassurance,document tampering
48,wife,agriculturist,"  4,200,000 ","  600,000 ",yearly,"  2,400,000 ",married,non medical,10,10,ulip,bancassurance,document tampering
59,wife,retired,0 ,"  1,400,000 ",yearly,"  1,800,000 ",married,non medical,10,10,ulip,bancassurance,document tampering
49,spouse,service,"  4,200,000 ","  600,000 ",yearly,"  1,800,000 ",married,non medical,10,10,ulip,bancassurance,document tampering
31,husband,housewife,0 ,"  200,000 ",yearly,"  900,000 ",married,non medical,10,10,ulip,bancassurance,document tampering
54,daughter,agriculturist,"  750,000 ","  600,000 ",single,"  1,200,000 ",married,medical,10,10,ulip,bancassurance,document tampering
42,spouse,business,"  2,200,000 ","  209,000 ",yearly,"  540,000 ",married,medical,26,10,traditional,retail agency,document tampering
25,mother,service,"  2,500,000 ","  250,000 ",yearly,"  1,500,000 ",single,non medical,12,10,ulip,institutional alliance,document tampering
51,husband,service,0 ,"  500,000 ",yearly,"  3,000,000 ",married,non medical,10,10,pension,bancassurance,document tampering
23,spouse,service,0 ,"  500,000 ",yearly,"  3,600,000 ",married,non medical,10,10,pension,bancassurance,document tampering
18,father,student,"  4,200,000 ","  600,000 ",yearly,"  1,500,000 ",single,non medical,10,10,ulip,bancassurance,document tampering
42,spouse,self-employed,"  150,000 ","  5,000 ",yearly,"  450,000 ",married,non medical,15,10,traditional,retail agency,document tampering
70,wife,service,0 ,"  400,000 ",yearly,"  1,200,000 ",married,non medical,10,10,ulip,bancassurance,document tampering
26,father,service,"  4,200,000 ","  600,000 ",yearly,"  1,600,000 ",single,non medical,30,10,ulip,retail agency,document tampering
68,brother,retired,0 ,"  500,000 ",yearly,"  3,600,000 ",married,non medical,10,10,ulip,bancassurance,document tampering
57,spouse,retired,0 ,"  300,000 ",yearly,"  800,000 ",married,non medical,10,10,ulip,bancassurance,document tampering
22,mother,student,"  7,000,000 ","  1,000,000 ",yearly,"  7,200,000 ",married,non medical,10,10,ulip,bancassurance,document tampering
52,husband,service,"  4,200,000 ","  600,000 ",yearly,"  3,600,000 ",married,non medical,10,10,pension,bancassurance,document tampering
10,spouse,business,"  5,225,000 ","  485,688 ",yearly,"  1,500,000 ",married,non medical,36,10,traditional,bancassurance,document tampering
14,daughter,service,"  1,100,000 ","  102,250 ",yearly,"  840,000 ",widowed,non medical,26,10,traditional,retail agency,document tampering
37,daughter,service,"  10,000,000 ","  40,722 ",yearly,"  600,000 ",married,non medical,48,10,traditional,retail agency,document tampering
54,husband,service,0 ,"  1,400,000 ",yearly,"  3,800,000 ",married,non medical,10,10,pension,bancassurance,document tampering
36,son,service,"  1,000,000 ","  100,000 ",yearly,"  600,000 ",married,non medical,12,10,ulip,bancassurance,document tampering
34,mother,service,"  1,920,000 ","  293,636 ",yearly,"  2,400,000 ",married,non medical,12,10,traditional,bancassurance,document tampering
42,spouse,business,"  420,000 ","  52,250 ",yearly,"  360,000 ",married,non medical,15,10,traditional,retail agency,document tampering
22,father,student,"  3,150,000 ","  511,250 ",yearly,"  2,000,000 ",single,non medical,12,10,traditional,bancassurance,document tampering
45,son,service,"  780,000 ","  135,850 ",yearly,"  3,500,000 ",married,non medical,12,10,traditional,bancassurance,document tampering
19,father,student,"  4,200,000 ","  600,000 ",yearly,"  2,000,000 ",single,non medical,10,10,ulip,bancassurance,document tampering
45,spouse,service,0 ,"  1,000,000 ",yearly,"  4,800,000 ",married,non medical,10,10,pension,bancassurance,document tampering
42,wife,service,"  4,200,000 ","  600,000 ",yearly,"  1,500,000 ",married,non medical,10,10,pension,bancassurance,document tampering
67,wife,retired,0 ,"  400,000 ",yearly,"  1,300,000 ",married,non medical,10,10,ulip,bancassurance,document tampering
53,son,service,"  518,400 ","  98,160 ",yearly,"  720,000 ",married,medical,12,10,traditional,bancassurance,document tampering
46,spouse,business,"  9,450,000 ","  1,350,000 ",yearly,"  6,000,000 ",married,non medical,24,10,ulip,bancassurance,document tampering
42,spouse,service,"  2,210,000 ","  221,000 ",yearly,"  820,000 ",married,medical,12,10,ulip,retail agency,document tampering
55,husband,retired,0 ,"  500,000 ",yearly,"  6,000,000 ",married,non medical,10,10,ulip,bancassurance,document tampering
49,husband,agriculturist,"  4,200,000 ","  600,000 ",yearly,"  1,600,000 ",married,non medical,10,10,ulip,bancassurance,document tampering
25,mother,business,"  2,520,000 ","  306,750 ",yearly,"  1,600,000 ",single,non medical,15,10,traditional,bancassurance,document tampering
57,husband,service,0 ,"  400,000 ",yearly,"  1,800,000 ",married,non medical,10,10,pension,bancassurance,document tampering
57,spouse,business,0 ,"  600,000 ",yearly,"  2,000,000 ",married,non medical,10,10,pension,bancassurance,document tampering
61,wife,retired,0 ,"  1,000,000 ",yearly,"  3,500,000 ",married,non medical,10,10,ulip,bancassurance,document tampering
42,spouse,business,"  2,000,000 ","  7,458 ",yearly,"  480,000 ",married,medical,5,10,traditional,institutional alliance,document tampering
42,spouse,service,"  2,500,000 ","  52,041 ",yearly,"  900,000 ",married,non medical,30,10,traditional,bancassurance,document tampering
42,spouse,housewife,"  1,000,000 ","  100,000 ",yearly,"  300,000 ",married,non medical,15,10,ulip,retail agency,document tampering
42,spouse,service,"  5,500,000 ","  522,500 ",yearly,"  1,056,000 ",married,non medical,26,10,traditional,retail agency,document tampering
42,mother,service,"  2,100,000 ","  300,000 ",yearly,"  4,800,000 ",single,non medical,10,10,ulip,bancassurance,document tampering
46,son,housewife,"  600,000 ","  60,000 ",yearly,"  1,200,000 ",married,non medical,15,10,ulip,retail agency,document tampering
13,spouse,housewife,"  5,225,000 ","  485,688 ",yearly,"  1,300,000 ",married,non medical,36,10,traditional,bancassurance,document tampering
41,father,agriculturist,"  4,200,000 ","  600,000 ",yearly,"  800,000 ",married,non medical,10,10,ulip,bancassurance,document tampering
44,husband,housewife,0 ,"  500,000 ",yearly,"  1,500,000 ",married,non medical,10,10,pension,retail agency,document tampering
3,spouse,business,"  2,500,000 ","  250,000 ",yearly,"  1,200,000 ",married,non medical,15,10,ulip,retail agency,document tampering
52,husband,service,"  2,500,000 ","  250,000 ",yearly,"  6,000,000 ",married,non medical,12,10,ulip,retail agency,document tampering
42,mother,service,"  4,200,000 ","  600,000 ",yearly,"  6,000,000 ",single,non medical,10,10,ulip,bancassurance,document tampering
64,son,retired,0 ,"  700,000 ",yearly,"  4,800,000 ",married,non medical,10,10,ulip,bancassurance,document tampering
42,spouse,business,"  1,100,000 ","  104,500 ",yearly,"  240,000 ",married,non medical,36,10,traditional,retail agency,document tampering
42,spouse,profession,0 ,"  2,500,000 ",yearly,"  9,000,000 ",married,non medical,15,10,pension,bancassurance,document tampering
58,wife,retired,0 ,"  500,000 ",yearly,"  1,800,000 ",married,non medical,10,10,ulip,bancassurance,document tampering
42,spouse,housewife,0 ,"  600,000 ",yearly,"  2,400,000 ",married,non medical,10,10,pension,bancassurance,document tampering
44,spouse,agriculturist,"  4,200,000 ","  600,000 ",yearly,"  3,000,000 ",married,non medical,10,10,ulip,bancassurance,document tampering
53,son,housewife,0 ,"  900,000 ",yearly,"  2,780,000 ",married,non medical,10,10,ulip,bancassurance,document tampering
41,wife,service,"  320,000 ","  29,104 ",yearly,"  240,000 ",married,non medical,15,10,traditional,retail agency,document tampering
27,father,agriculturist,"  4,200,000 ","  600,000 ",yearly,"  800,000 ",single,non medical,10,10,ulip,bancassurance,document tampering
38,wife,business,"  1,100,000 ","  104,500 ",yearly,"  640,000 ",married,non medical,26,10,traditional,retail agency,document tampering
46,daughter,business,0 ,"  1,000,000 ",yearly,"  5,400,000 ",married,non medical,10,10,ulip,bancassurance,document tampering
20,mother,student,"  300,000 ","  30,675 ",yearly,"  300,000 ",single,non medical,80,10,traditional,retail agency,document tampering
45,wife,service,"  450,000 ","  45,000 ",yearly,"  504,000 ",married,non medical,12,10,ulip,bancassurance,document tampering
45,father,business,0 ,"  200,000 ",yearly,"  850,000 ",married,non medical,10,10,pension,retail agency,document tampering
39,husband,agriculturist,"  4,200,000 ","  600,000 ",yearly,"  1,350,000 ",married,non medical,10,10,ulip,bancassurance,document tampering
60,spouse,service,0 ,"  500,000 ",yearly,"  24,000,000 ",married,non medical,10,10,pension,bancassurance,document tampering
7,spouse,service,"  646,800 ","  102,410 ",yearly,"  3,500,000 ",married,non medical,12,10,traditional,bancassurance,document tampering
28,father,service,"  2,800,000 ","  400,000 ",yearly,"  1,200,000 ",married,non medical,12,10,ulip,bancassurance,document tampering
42,spouse,service,"  5,500,000 ","  522,500 ",yearly,"  4,200,000 ",married,non medical,36,10,traditional,retail agency,document tampering
42,wife,agriculturist,"  4,200,000 ","  600,000 ",yearly,"  1,250,000 ",married,non medical,10,10,ulip,bancassurance,document tampering
41,spouse,service,"  4,070,000 ","  690,489 ",yearly,"  2,400,000 ",married,medical,7,10,traditional,bancassurance,signature forgery
44,spouse,business,"  987,000 ","  98,379 ",yearly,"  2,400,000 ",married,non medical,10,10,pension,bancassurance,signature forgery
53,wife,business,0 ,"  600,000 ",yearly,"  2,000,000 ",married,non medical,10,10,ulip,bancassurance,signature forgery
66,son,retired,0 ,"  1,000,000 ",yearly,"  4,000,000 ",married,non medical,10,10,ulip,bancassurance,signature forgery
54,son,housewife,0 ,"  1,000,000 ",yearly,"  3,000,000 ",married,non medical,10,10,ulip,bancassurance,signature forgery
60,wife,retired,0 ,"  3,000,000 ",yearly,"  6,500,000 ",married,non medical,10,10,ulip,bancassurance,signature forgery
38,wife,profession,0 ,"  1,000,000 ",yearly,"  6,000,000 ",married,non medical,10,10,ulip,bancassurance,signature forgery
41,son,housewife,"  990,000 ","  99,000 ",yearly,"  600,000 ",married,medical,12,10,ulip,bancassurance,signature forgery
36,husband,service,"  1,000,000 ","  100,000 ",yearly,"  1,800,000 ",married,non medical,12,10,ulip,retail agency,signature forgery
52,wife,service,"  1,500,000 ","  150,000 ",yearly,"  6,000,000 ",married,medical,12,10,ulip,bancassurance,signature forgery
41,spouse,service,"  1,830,000 ","  197,279 ",yearly,"  2,400,000 ",married,medical,12,10,traditional,bancassurance,signature forgery
54,wife,service,"  850,000 ","  103,419 ",quarterly,"  600,000 ",married,medical,12,10,traditional,retail agency,signature forgery
47,son,service,"  2,600,000 ","  200,053 ",yearly,"  1,256,000 ",married,medical,18,10,traditional,retail agency,signature forgery
47,spouse,service,"  3,000,000 ","  64,205 ",yearly,"  1,256,000 ",married,medical,27,10,traditional,retail agency,signature forgery
38,wife,profession,"  7,000,000 ","  1,000,000 ",yearly,"  6,000,000 ",married,non medical,10,10,ulip,bancassurance,signature forgery
36,wife,army,"  4,200,000 ","  600,000 ",yearly,"  2,400,000 ",married,non medical,30,10,ulip,bancassurance,signature forgery
54,husband,service,"  4,200,000 ","  600,000 ",yearly,"  1,200,000 ",married,medical,10,10,ulip,bancassurance,signature forgery
42,spouse,service,"  4,200,000 ","  600,000 ",yearly,"  1,800,000 ",married,medical,10,10,ulip,bancassurance,signature forgery
48,husband,housewife,"  250,000 ","  41,593 ",yearly,"  396,000 ",married,non medical,12,10,traditional,retail agency,signature forgery
31,father,business,"  600,000 ","  60,000 ",monthly,"  500,000 ",single,non medical,15,10,ulip,retail agency,signature forgery
42,wife,business,"  385,000 ","  52,250 ",yearly,"  240,000 ",married,non medical,15,10,traditional,bancassurance,signature forgery
30,sister,service,"  3,360,000 ","  418,000 ",yearly,"  1,200,000 ",single,non medical,15,10,traditional,bancassurance,signature forgery
59,husband,business,"  960,000 ","  209,000 ",yearly,"  730,000 ",married,medical,12,10,traditional,bancassurance,signature forgery
59,wife,service,0 ,"  2,000,000 ",single,"  3,000,000 ",married,non medical,61,10,pension,bancassurance,signature forgery
68,mother,retired,0 ,"  389,698 ",single,"  2,000,000 ",married,non medical,52,10,pension,mail and others,signature forgery
67,husband,retired,0 ,"  587,882 ",single,"  420,000 ",married,non medical,53,10,pension,mail and others,signature forgery
73,daughter,retired,0 ,"  310,167 ",single,"  45,000 ",married,non medical,10,10,pension,mail and others,signature forgery
76,wife,retired,0 ,"  223,903 ",single,"  600,000 ",married,non medical,44,10,pension,mail and others,signature forgery
55,son,service,"  2,200,000 ","  210,101 ",yearly,"  1,200,000 ",married,non medical,26,10,traditional,bancassurance,signature forgery
28,father,business,"  1,100,000 ","  104,500 ",yearly,"  600,000 ",single,non medical,23,10,traditional,retail agency,signature forgery
50,son,business,"  1,650,000 ","  153,375 ",yearly,"  624,000 ",married,non medical,26,10,traditional,institutional alliance,signature forgery
44,wife,service,"  5,258,000 ","  478,000 ",yearly,"  9,600,000 ",married,medical,26,10,traditional,bancassurance,signature forgery
42,father,service,0 ,"  800,000 ",yearly,"  5,000,000 ",married,non medical,10,10,pension,bancassurance,signature forgery
55,son,business,0 ,"  50,000 ",yearly,"  500,000 ",married,non medical,10,10,pension,retail agency,signature forgery
46,husband,service,"  1,357,000 ","  188,190 ",yearly,"  5,000,000 ",married,non medical,8,10,traditional,institutional alliance,signature forgery
31,spouse,service,"  550,000 ","  88,270 ",yearly,"  300,000 ",married,non medical,7,10,traditional,bancassurance,signature forgery
41,wife,self-employed,"  600,000 ","  52,000 ",yearly,"  14,400,000 ",married,non medical,15,10,traditional,bancassurance,signature forgery
36,daughter,housewife,0 ,"  1,000,000 ",single,"  1,200,000 ",widowed,non medical,40,10,pension,bancassurance,signature forgery
36,son,housewife,0 ,"  1,000,000 ",single,"  1,200,000 ",widowed,non medical,40,10,pension,bancassurance,signature forgery
41,spouse,service,"  4,070,000 ","  690,489 ",yearly,"  2,400,000 ",married,medical,7,10,traditional,bancassurance,signature forgery
44,spouse,business,"  987,000 ","  98,379 ",yearly,"  2,400,000 ",married,non medical,10,10,pension,bancassurance,signature forgery
53,wife,business,0 ,"  600,000 ",yearly,"  2,000,000 ",married,non medical,10,10,ulip,bancassurance,signature forgery
66,son,retired,0 ,"  1,000,000 ",yearly,"  4,000,000 ",married,non medical,10,10,ulip,bancassurance,signature forgery
54,son,housewife,0 ,"  1,000,000 ",yearly,"  3,000,000 ",married,non medical,10,10,ulip,bancassurance,signature forgery
60,wife,retired,0 ,"  3,000,000 ",yearly,"  6,500,000 ",married,non medical,10,10,ulip,bancassurance,signature forgery
38,wife,profession,0 ,"  1,000,000 ",yearly,"  6,000,000 ",married,non medical,10,10,ulip,bancassurance,signature forgery
41,son,housewife,"  990,000 ","  99,000 ",yearly,"  600,000 ",married,medical,12,10,ulip,bancassurance,signature forgery
36,husband,service,"  1,000,000 ","  100,000 ",yearly,"  1,800,000 ",married,non medical,12,10,ulip,retail agency,signature forgery
52,wife,service,"  1,500,000 ","  150,000 ",yearly,"  6,000,000 ",married,medical,12,10,ulip,bancassurance,signature forgery
41,spouse,service,"  1,830,000 ","  197,279 ",yearly,"  2,400,000 ",married,medical,12,10,traditional,bancassurance,signature forgery
54,wife,service,"  850,000 ","  103,419 ",quarterly,"  600,000 ",married,medical,12,10,traditional,retail agency,signature forgery
47,son,service,"  2,600,000 ","  200,053 ",yearly,"  1,256,000 ",married,medical,18,10,traditional,retail agency,signature forgery
47,spouse,service,"  3,000,000 ","  64,205 ",yearly,"  1,256,000 ",married,medical,27,10,traditional,retail agency,signature forgery
38,wife,profession,"  7,000,000 ","  1,000,000 ",yearly,"  6,000,000 ",married,non medical,10,10,ulip,bancassurance,signature forgery
36,wife,army,"  4,200,000 ","  600,000 ",yearly,"  2,400,000 ",married,non medical,30,10,ulip,bancassurance,signature forgery
54,husband,service,"  4,200,000 ","  600,000 ",yearly,"  1,200,000 ",married,medical,10,10,ulip,bancassurance,signature forgery
42,spouse,service,"  4,200,000 ","  600,000 ",yearly,"  1,800,000 ",married,medical,10,10,ulip,bancassurance,signature forgery
48,husband,housewife,"  250,000 ","  41,593 ",yearly,"  396,000 ",married,non medical,12,10,traditional,retail agency,signature forgery
31,father,business,"  600,000 ","  60,000 ",monthly,"  500,000 ",single,non medical,15,10,ulip,retail agency,signature forgery
42,wife,business,"  385,000 ","  52,250 ",yearly,"  240,000 ",married,non medical,15,10,traditional,bancassurance,signature forgery
30,sister,service,"  3,360,000 ","  418,000 ",yearly,"  1,200,000 ",single,non medical,15,10,traditional,bancassurance,signature forgery
59,husband,business,"  960,000 ","  209,000 ",yearly,"  730,000 ",married,medical,12,10,traditional,bancassurance,signature forgery
59,wife,service,0 ,"  2,000,000 ",single,"  3,000,000 ",married,non medical,61,10,pension,bancassurance,signature forgery
68,mother,retired,0 ,"  389,698 ",single,"  2,000,000 ",married,non medical,52,10,pension,mail and others,signature forgery
67,husband,retired,0 ,"  587,882 ",single,"  420,000 ",married,non medical,53,10,pension,mail and others,signature forgery
73,daughter,retired,0 ,"  310,167 ",single,"  45,000 ",married,non medical,10,10,pension,mail and others,signature forgery
76,wife,retired,0 ,"  223,903 ",single,"  600,000 ",married,non medical,44,10,pension,mail and others,signature forgery
55,son,service,"  2,200,000 ","  210,101 ",yearly,"  1,200,000 ",married,non medical,26,10,traditional,bancassurance,signature forgery
28,father,business,"  1,100,000 ","  104,500 ",yearly,"  600,000 ",single,non medical,23,10,traditional,retail agency,signature forgery
50,son,business,"  1,650,000 ","  153,375 ",yearly,"  624,000 ",married,non medical,26,10,traditional,institutional alliance,signature forgery
44,wife,service,"  5,258,000 ","  478,000 ",yearly,"  9,600,000 ",married,medical,26,10,traditional,bancassurance,signature forgery
42,father,service,0 ,"  800,000 ",yearly,"  5,000,000 ",married,non medical,10,10,pension,bancassurance,signature forgery
55,son,business,0 ,"  50,000 ",yearly,"  500,000 ",married,non medical,10,10,pension,retail agency,signature forgery
46,husband,service,"  1,357,000 ","  188,190 ",yearly,"  5,000,000 ",married,non medical,8,10,traditional,institutional alliance,signature forgery
31,spouse,service,"  550,000 ","  88,270 ",yearly,"  300,000 ",married,non medical,7,10,traditional,bancassurance,signature forgery
41,wife,self-employed,"  600,000 ","  52,000 ",yearly,"  14,400,000 ",married,non medical,15,10,traditional,bancassurance,signature forgery
36,daughter,housewife,0 ,"  1,000,000 ",single,"  1,200,000 ",widowed,non medical,40,10,pension,bancassurance,signature forgery
36,son,housewife,0 ,"  1,000,000 ",single,"  1,200,000 ",widowed,non medical,40,10,pension,bancassurance,signature forgery
55,son,business,0 ,"  50,000 ",yearly,"  500,000 ",married,non medical,10,10,pension,retail agency,signature forgery
41,wife,self-employed,"  600,000 ","  52,000 ",yearly,"  14,400,000 ",married,non medical,15,10,traditional,bancassurance,signature forgery
54,son,housewife,0 ,"  1,000,000 ",yearly,"  3,000,000 ",married,non medical,10,10,ulip,bancassurance,signature forgery
47,spouse,service,"  3,000,000 ","  64,205 ",yearly,"  1,256,000 ",married,medical,27,10,traditional,retail agency,signature forgery
50,son,business,"  1,650,000 ","  153,375 ",yearly,"  624,000 ",married,non medical,26,10,traditional,institutional alliance,signature forgery
73,daughter,retired,0 ,"  310,167 ",single,"  45,000 ",married,non medical,10,10,pension,mail and others,signature forgery
38,wife,profession,0 ,"  1,000,000 ",yearly,"  6,000,000 ",married,non medical,10,10,ulip,bancassurance,signature forgery
76,wife,retired,0 ,"  223,903 ",single,"  600,000 ",married,non medical,44,10,pension,mail and others,signature forgery
68,mother,retired,0 ,"  389,698 ",single,"  2,000,000 ",married,non medical,52,10,pension,mail and others,signature forgery
36,wife,army,"  4,200,000 ","  600,000 ",yearly,"  2,400,000 ",married,non medical,30,10,ulip,bancassurance,signature forgery
42,spouse,service,"  4,200,000 ","  600,000 ",yearly,"  1,800,000 ",married,medical,10,10,ulip,bancassurance,signature forgery
36,husband,service,"  1,000,000 ","  100,000 ",yearly,"  1,800,000 ",married,non medical,12,10,ulip,retail agency,signature forgery
54,husband,service,"  4,200,000 ","  600,000 ",yearly,"  1,200,000 ",married,medical,10,10,ulip,bancassurance,signature forgery
47,son,service,"  2,600,000 ","  200,053 ",yearly,"  1,256,000 ",married,medical,18,10,traditional,retail agency,signature forgery
31,father,business,"  600,000 ","  60,000 ",monthly,"  500,000 ",single,non medical,15,10,ulip,retail agency,signature forgery
52,wife,service,"  1,500,000 ","  150,000 ",yearly,"  6,000,000 ",married,medical,12,10,ulip,bancassurance,signature forgery
42,father,service,0 ,"  800,000 ",yearly,"  5,000,000 ",married,non medical,10,10,pension,bancassurance,signature forgery
41,spouse,service,"  4,070,000 ","  690,489 ",yearly,"  2,400,000 ",married,medical,7,10,traditional,bancassurance,signature forgery
67,husband,retired,0 ,"  587,882 ",single,"  420,000 ",married,non medical,53,10,pension,mail and others,signature forgery
60,wife,retired,0 ,"  3,000,000 ",yearly,"  6,500,000 ",married,non medical,10,10,ulip,bancassurance,signature forgery
54,wife,service,"  850,000 ","  103,419 ",quarterly,"  600,000 ",married,medical,12,10,traditional,retail agency,signature forgery
44,spouse,business,"  987,000 ","  98,379 ",yearly,"  2,400,000 ",married,non medical,10,10,pension,bancassurance,signature forgery
57,husband,retired,0 ,"  70,000 ",yearly,"  540,000 ",married,non medical,10,10,ulip,bancassurance,misappropriating funds
58,husband,housewife,0 ,"  60,000 ",yearly,"  540,000 ",married,non medical,10,10,ulip,bancassurance,misappropriating funds
53,son,family pension,0 ,"  150,000 ",yearly,"  500,000 ",widowed,non medical,10,10,ulip,retail agency,misappropriating funds
47,husband,service,0 ,"  100,000 ",yearly,"  900,000 ",married,non medical,10,10,ulip,retail agency,misappropriating funds
49,husband,service,0 ,"  100,000 ",yearly,"  720,000 ",married,non medical,10,10,ulip,retail agency,misappropriating funds
50,husband,service,0 ,"  100,000 ",yearly,"  720,000 ",married,non medical,15,10,ulip,retail agency,misappropriating funds
59,daughter,service,0 ,"  261,000 ",yearly,"  3,500,000 ",divorced,non medical,10,10,ulip,retail agency,misappropriating funds
60,son,retired,0 ,"  320,000 ",yearly,"  1,200,000 ",widowed,non medical,10,10,ulip,retail agency,misappropriating funds
60,husband,retired,0 ,"  100,000 ",yearly,"  540,000 ",married,non medical,10,10,ulip,bancassurance,misappropriating funds
42,mother,business,"  400,000 ","  5,000 ",yearly,"  700,000 ",single,non medical,10,10,traditional,retail agency,misappropriating funds
37,husband,housewife,"  500,000 ","  50,000 ",yearly,"  300,000 ",married,non medical,10,10,ulip,bancassurance,misappropriating funds
53,wife,profession,"  999,000 ","  99,900 ",yearly,"  350,000 ",married,non medical,12,10,ulip,bancassurance,misappropriating funds
41,spouse,business,"  500,000 ","  50,000 ",yearly,"  500,000 ",married,non medical,12,10,ulip,bancassurance,misappropriating funds
47,son,service,"  300,000 ","  30,000 ",yearly,"  450,000 ",divorced,non medical,12,10,ulip,bancassurance,misappropriating funds
35,wife,service,"  500,000 ","  50,000 ",yearly,"  450,000 ",married,non medical,12,10,ulip,bancassurance,misappropriating funds
31,mother,business,"  990,000 ","  99,000 ",yearly,"  490,000 ",single,non medical,12,10,ulip,bancassurance,misappropriating funds
33,mother,service,"  500,000 ","  50,000 ",yearly,"  650,000 ",single,non medical,30,10,ulip,retail agency,misappropriating funds
35,mother,service,"  600,000 ","  60,000 ",yearly,"  540,000 ",married,non medical,12,10,ulip,bancassurance,misappropriating funds
38,husband,housewife,"  500,000 ","  50,000 ",yearly,"  420,000 ",married,non medical,12,10,ulip,bancassurance,misappropriating funds
40,wife,service,"  500,000 ","  50,000 ",yearly,"  420,000 ",married,non medical,7,10,variable,bancassurance,misappropriating funds
39,wife,agriculturist,"  400,000 ","  50,974 ",yearly,"  240,000 ",married,non medical,15,10,traditional,bancassurance,misappropriating funds
28,mother,service,"  600,000 ","  60,000 ",monthly,"  310,000 ",single,non medical,10,10,ulip,retail agency,misappropriating funds
37,mother,retired,"  240,000 ","  51,125 ",yearly,"  240,000 ",married,non medical,15,10,traditional,bancassurance,misappropriating funds
27,mother,service,"  1,260,000 ","  153,375 ",yearly,"  1,500,000 ",married,non medical,15,10,traditional,retail agency,misappropriating funds
34,mother,housewife,"  1,260,000 ","  153,375 ",yearly,"  500,000 ",married,non medical,15,10,traditional,retail agency,misappropriating funds
28,mother,housewife,"  1,260,000 ","  153,375 ",yearly,"  480,000 ",married,non medical,15,10,traditional,retail agency,misappropriating funds
46,wife,defense retired,"  385,000 ","  51,125 ",yearly,"  420,000 ",married,non medical,15,10,traditional,bancassurance,misappropriating funds
44,son,self-employed,"  500,000 ","  50,000 ",yearly,"  300,000 ",married,non medical,18,10,ulip,retail agency,misappropriating funds
60,wife,retired,"  2,000,000 ","  200,000 ",yearly,"  912,000 ",married,medical,5,10,ulip,retail agency,misappropriating funds
57,husband,retired,0 ,"  70,000 ",yearly,"  540,000 ",married,non medical,10,10,ulip,bancassurance,misappropriating funds
58,husband,housewife,0 ,"  60,000 ",yearly,"  540,000 ",married,non medical,10,10,ulip,bancassurance,misappropriating funds
53,son,family pension,0 ,"  150,000 ",yearly,"  500,000 ",widowed,non medical,10,10,ulip,retail agency,misappropriating funds
47,husband,service,0 ,"  100,000 ",yearly,"  900,000 ",married,non medical,10,10,ulip,retail agency,misappropriating funds
49,husband,service,0 ,"  100,000 ",yearly,"  720,000 ",married,non medical,10,10,ulip,retail agency,misappropriating funds
50,husband,service,0 ,"  100,000 ",yearly,"  720,000 ",married,non medical,15,10,ulip,retail agency,misappropriating funds
59,daughter,service,0 ,"  261,000 ",yearly,"  3,500,000 ",divorced,non medical,10,10,ulip,retail agency,misappropriating funds
60,son,retired,0 ,"  320,000 ",yearly,"  1,200,000 ",widowed,non medical,10,10,ulip,retail agency,misappropriating funds
60,husband,retired,0 ,"  100,000 ",yearly,"  540,000 ",married,non medical,10,10,ulip,bancassurance,misappropriating funds
42,mother,business,"  400,000 ","  5,000 ",yearly,"  700,000 ",single,non medical,10,10,traditional,retail agency,misappropriating funds
37,husband,housewife,"  500,000 ","  50,000 ",yearly,"  300,000 ",married,non medical,10,10,ulip,bancassurance,misappropriating funds
53,wife,profession,"  999,000 ","  99,900 ",yearly,"  350,000 ",married,non medical,12,10,ulip,bancassurance,misappropriating funds
41,spouse,business,"  500,000 ","  50,000 ",yearly,"  500,000 ",married,non medical,12,10,ulip,bancassurance,misappropriating funds
47,son,service,"  300,000 ","  30,000 ",yearly,"  450,000 ",divorced,non medical,12,10,ulip,bancassurance,misappropriating funds
35,wife,service,"  500,000 ","  50,000 ",yearly,"  450,000 ",married,non medical,12,10,ulip,bancassurance,misappropriating funds
31,mother,business,"  990,000 ","  99,000 ",yearly,"  490,000 ",single,non medical,12,10,ulip,bancassurance,misappropriating funds
33,mother,service,"  500,000 ","  50,000 ",yearly,"  650,000 ",single,non medical,30,10,ulip,retail agency,misappropriating funds
35,mother,service,"  600,000 ","  60,000 ",yearly,"  540,000 ",married,non medical,12,10,ulip,bancassurance,misappropriating funds
38,husband,housewife,"  500,000 ","  50,000 ",yearly,"  420,000 ",married,non medical,12,10,ulip,bancassurance,misappropriating funds
40,wife,service,"  500,000 ","  50,000 ",yearly,"  420,000 ",married,non medical,7,10,variable,bancassurance,misappropriating funds
39,wife,agriculturist,"  400,000 ","  50,974 ",yearly,"  240,000 ",married,non medical,15,10,traditional,bancassurance,misappropriating funds
28,mother,service,"  600,000 ","  60,000 ",monthly,"  310,000 ",single,non medical,10,10,ulip,retail agency,misappropriating funds
37,mother,retired,"  240,000 ","  51,125 ",yearly,"  240,000 ",married,non medical,15,10,traditional,bancassurance,misappropriating funds
27,mother,service,"  1,260,000 ","  153,375 ",yearly,"  1,500,000 ",married,non medical,15,10,traditional,retail agency,misappropriating funds
34,mother,housewife,"  1,260,000 ","  153,375 ",yearly,"  500,000 ",married,non medical,15,10,traditional,retail agency,misappropriating funds
28,mother,housewife,"  1,260,000 ","  153,375 ",yearly,"  480,000 ",married,non medical,15,10,traditional,retail agency,misappropriating funds
46,wife,defense retired,"  385,000 ","  51,125 ",yearly,"  420,000 ",married,non medical,15,10,traditional,bancassurance,misappropriating funds
44,son,self-employed,"  500,000 ","  50,000 ",yearly,"  300,000 ",married,non medical,18,10,ulip,retail agency,misappropriating funds
60,wife,retired,"  2,000,000 ","  200,000 ",yearly,"  912,000 ",married,medical,5,10,ulip,retail agency,misappropriating funds
57,husband,retired,0 ,"  70,000 ",yearly,"  540,000 ",married,non medical,10,10,ulip,bancassurance,misappropriating funds
58,husband,housewife,0 ,"  60,000 ",yearly,"  540,000 ",married,non medical,10,10,ulip,bancassurance,misappropriating funds
53,son,family pension,0 ,"  150,000 ",yearly,"  500,000 ",widowed,non medical,10,10,ulip,retail agency,misappropriating funds
47,husband,service,0 ,"  100,000 ",yearly,"  900,000 ",married,non medical,10,10,ulip,retail agency,misappropriating funds
49,husband,service,0 ,"  100,000 ",yearly,"  720,000 ",married,non medical,10,10,ulip,retail agency,misappropriating funds
50,husband,service,0 ,"  100,000 ",yearly,"  720,000 ",married,non medical,15,10,ulip,retail agency,misappropriating funds
59,daughter,service,0 ,"  261,000 ",yearly,"  3,500,000 ",divorced,non medical,10,10,ulip,retail agency,misappropriating funds
60,son,retired,0 ,"  320,000 ",yearly,"  1,200,000 ",widowed,non medical,10,10,ulip,retail agency,misappropriating funds
60,husband,retired,0 ,"  100,000 ",yearly,"  540,000 ",married,non medical,10,10,ulip,bancassurance,misappropriating funds
42,mother,business,"  400,000 ","  5,000 ",yearly,"  700,000 ",single,non medical,10,10,traditional,retail agency,misappropriating funds
37,husband,housewife,"  500,000 ","  50,000 ",yearly,"  300,000 ",married,non medical,10,10,ulip,bancassurance,misappropriating funds
53,wife,profession,"  999,000 ","  99,900 ",yearly,"  350,000 ",married,non medical,12,10,ulip,bancassurance,misappropriating funds
41,spouse,business,"  500,000 ","  50,000 ",yearly,"  500,000 ",married,non medical,12,10,ulip,bancassurance,misappropriating funds
47,son,service,"  300,000 ","  30,000 ",yearly,"  450,000 ",divorced,non medical,12,10,ulip,bancassurance,misappropriating funds
35,wife,service,"  500,000 ","  50,000 ",yearly,"  450,000 ",married,non medical,12,10,ulip,bancassurance,misappropriating funds
31,mother,business,"  990,000 ","  99,000 ",yearly,"  490,000 ",single,non medical,12,10,ulip,bancassurance,misappropriating funds
33,mother,service,"  500,000 ","  50,000 ",yearly,"  650,000 ",single,non medical,30,10,ulip,retail agency,misappropriating funds
35,mother,service,"  600,000 ","  60,000 ",yearly,"  540,000 ",married,non medical,12,10,ulip,bancassurance,misappropriating funds
38,husband,housewife,"  500,000 ","  50,000 ",yearly,"  420,000 ",married,non medical,12,10,ulip,bancassurance,misappropriating funds
40,wife,service,"  500,000 ","  50,000 ",yearly,"  420,000 ",married,non medical,7,10,variable,bancassurance,misappropriating funds
39,wife,agriculturist,"  400,000 ","  50,974 ",yearly,"  240,000 ",married,non medical,15,10,traditional,bancassurance,misappropriating funds
28,mother,service,"  600,000 ","  60,000 ",monthly,"  310,000 ",single,non medical,10,10,ulip,retail agency,misappropriating funds
37,mother,retired,"  240,000 ","  51,125 ",yearly,"  240,000 ",married,non medical,15,10,traditional,bancassurance,misappropriating funds
27,mother,service,"  1,260,000 ","  153,375 ",yearly,"  1,500,000 ",married,non medical,15,10,traditional,retail agency,misappropriating funds
34,mother,housewife,"  1,260,000 ","  153,375 ",yearly,"  500,000 ",married,non medical,15,10,traditional,retail agency,misappropriating funds
28,mother,housewife,"  1,260,000 ","  153,375 ",yearly,"  480,000 ",married,non medical,15,10,traditional,retail agency,misappropriating funds
46,wife,defense retired,"  385,000 ","  51,125 ",yearly,"  420,000 ",married,non medical,15,10,traditional,bancassurance,misappropriating funds
44,son,self-employed,"  500,000 ","  50,000 ",yearly,"  300,000 ",married,non medical,18,10,ulip,retail agency,misappropriating funds
60,wife,retired,"  2,000,000 ","  200,000 ",yearly,"  912,000 ",married,medical,5,10,ulip,retail agency,misappropriating funds
44,son,self-employed,"  500,000 ","  50,000 ",yearly,"  300,000 ",married,non medical,18,10,ulip,retail agency,misappropriating funds
33,mother,service,"  500,000 ","  50,000 ",yearly,"  650,000 ",single,non medical,30,10,ulip,retail agency,misappropriating funds
41,spouse,business,"  500,000 ","  50,000 ",yearly,"  500,000 ",married,non medical,12,10,ulip,bancassurance,misappropriating funds
37,mother,retired,"  240,000 ","  51,125 ",yearly,"  240,000 ",married,non medical,15,10,traditional,bancassurance,misappropriating funds
60,husband,retired,0 ,"  100,000 ",yearly,"  540,000 ",married,non medical,10,10,ulip,bancassurance,misappropriating funds
42,mother,business,"  400,000 ","  5,000 ",yearly,"  700,000 ",single,non medical,10,10,traditional,retail agency,misappropriating funds
28,mother,service,"  600,000 ","  60,000 ",monthly,"  310,000 ",single,non medical,10,10,ulip,retail agency,misappropriating funds
57,husband,retired,0 ,"  70,000 ",yearly,"  540,000 ",married,non medical,10,10,ulip,bancassurance,misappropriating funds
46,wife,defense retired,"  385,000 ","  51,125 ",yearly,"  420,000 ",married,non medical,15,10,traditional,bancassurance,misappropriating funds
47,son,service,"  300,000 ","  30,000 ",yearly,"  450,000 ",divorced,non medical,12,10,ulip,bancassurance,misappropriating funds
31,mother,business,"  990,000 ","  99,000 ",yearly,"  490,000 ",single,non medical,12,10,ulip,bancassurance,misappropriating funds
53,wife,profession,"  999,000 ","  99,900 ",yearly,"  350,000 ",married,non medical,12,10,ulip,bancassurance,misappropriating funds
35,mother,service,"  600,000 ","  60,000 ",yearly,"  540,000 ",married,non medical,12,10,ulip,bancassurance,misappropriating funds
66,wife,retired,0 ,"  500,000 ",yearly,"  90,000 ",married,non medical,10,10,ulip,bancassurance,misselling 
60,spouse,retired,0 ,"  1,000,000 ",yearly,"  4,032,000 ",married,non medical,10,10,ulip,bancassurance,misselling 
70,son,profession,0 ,"  3,000,000 ",yearly,"  3,600,000 ",married,non medical,10,10,ulip,bancassurance,misselling 
54,wife,service,0 ,"  300,000 ",yearly,"  3,000,000 ",married,non medical,10,10,ulip,bancassurance,misselling 
43,father,profession,"  175,000 ","  5,000 ",yearly,"  1,000,000 ",married,non medical,10,10,traditional,retail agency,misselling 
43,father,profession,"  1,250,000 ","  125,000 ",yearly,"  1,000,000 ",married,non medical,12,10,ulip,retail agency,misselling 
43,wife,service,"  600,000 ","  19,700 ",yearly,"  840,000 ",married,non medical,10,10,traditional,bancassurance,misselling 
12,spouse,business,"  236,000 ","  33,410 ",yearly,"  504,000 ",married,non medical,12,10,traditional,institutional alliance,misselling 
48,wife,retired,0 ,"  2,000,000 ",single,"  600,000 ",married,non medical,72,10,pension,bancassurance,misselling 
58,wife,retired,0 ,"  400,000 ",yearly,"  1,580,000 ",married,non medical,10,10,pension,retail agency,misselling 
42,husband,business,0 ,"  1,000,000 ",yearly,"  4,800,000 ",married,non medical,10,10,pension,bancassurance,misselling 
43,father,profession,"  1,430,000 ","  104,500 ",yearly,"  1,000,000 ",married,non medical,15,10,traditional,retail agency,misselling 
39,husband,housewife,"  2,740,000 ","  195,779 ",yearly,"  7,500,000 ",married,non medical,15,10,traditional,retail agency,misselling 
20,son,business,"  300,000 ","  15,000 ",yearly,"  200,000 ",single,non medical,10,10,variable,bancassurance,misselling 
54,husband,service,"  300,000 ","  15,000 ",yearly,"  1,000,000 ",married,non medical,10,10,variable,bancassurance,misselling 
66,wife,retired,0 ,"  500,000 ",yearly,"  90,000 ",married,non medical,10,10,ulip,bancassurance,misselling 
60,spouse,retired,0 ,"  1,000,000 ",yearly,"  4,032,000 ",married,non medical,10,10,ulip,bancassurance,misselling 
70,son,profession,0 ,"  3,000,000 ",yearly,"  3,600,000 ",married,non medical,10,10,ulip,bancassurance,misselling 
54,wife,service,0 ,"  300,000 ",yearly,"  3,000,000 ",married,non medical,10,10,ulip,bancassurance,misselling 
43,father,profession,"  175,000 ","  5,000 ",yearly,"  1,000,000 ",married,non medical,10,10,traditional,retail agency,misselling 
43,father,profession,"  1,250,000 ","  125,000 ",yearly,"  1,000,000 ",married,non medical,12,10,ulip,retail agency,misselling 
43,wife,service,"  600,000 ","  19,700 ",yearly,"  840,000 ",married,non medical,10,10,traditional,bancassurance,misselling 
12,spouse,business,"  236,000 ","  33,410 ",yearly,"  504,000 ",married,non medical,12,10,traditional,institutional alliance,misselling 
48,wife,retired,0 ,"  2,000,000 ",single,"  600,000 ",married,non medical,72,10,pension,bancassurance,misselling 
58,wife,retired,0 ,"  400,000 ",yearly,"  1,580,000 ",married,non medical,10,10,pension,retail agency,misselling 
42,husband,business,0 ,"  1,000,000 ",yearly,"  4,800,000 ",married,non medical,10,10,pension,bancassurance,misselling 
43,father,profession,"  1,430,000 ","  104,500 ",yearly,"  1,000,000 ",married,non medical,15,10,traditional,retail agency,misselling 
39,husband,housewife,"  2,740,000 ","  195,779 ",yearly,"  7,500,000 ",married,non medical,15,10,traditional,retail agency,misselling 
20,son,business,"  300,000 ","  15,000 ",yearly,"  200,000 ",single,non medical,10,10,variable,bancassurance,misselling 
54,husband,service,"  300,000 ","  15,000 ",yearly,"  1,000,000 ",married,non medical,10,10,variable,bancassurance,misselling 
66,wife,retired,0 ,"  500,000 ",yearly,"  90,000 ",married,non medical,10,10,ulip,bancassurance,misselling 
60,spouse,retired,0 ,"  1,000,000 ",yearly,"  4,032,000 ",married,non medical,10,10,ulip,bancassurance,misselling 
70,son,profession,0 ,"  3,000,000 ",yearly,"  3,600,000 ",married,non medical,10,10,ulip,bancassurance,misselling 
54,wife,service,0 ,"  300,000 ",yearly,"  3,000,000 ",married,non medical,10,10,ulip,bancassurance,misselling 
43,father,profession,"  175,000 ","  5,000 ",yearly,"  1,000,000 ",married,non medical,10,10,traditional,retail agency,misselling 
43,father,profession,"  1,250,000 ","  125,000 ",yearly,"  1,000,000 ",married,non medical,12,10,ulip,retail agency,misselling 
43,wife,service,"  600,000 ","  19,700 ",yearly,"  840,000 ",married,non medical,10,10,traditional,bancassurance,misselling 
12,spouse,business,"  236,000 ","  33,410 ",yearly,"  504,000 ",married,non medical,12,10,traditional,institutional alliance,misselling 
48,wife,retired,0 ,"  2,000,000 ",single,"  600,000 ",married,non medical,72,10,pension,bancassurance,misselling 
58,wife,retired,0 ,"  400,000 ",yearly,"  1,580,000 ",married,non medical,10,10,pension,retail agency,misselling 
42,husband,business,0 ,"  1,000,000 ",yearly,"  4,800,000 ",married,non medical,10,10,pension,bancassurance,misselling 
43,father,profession,"  1,430,000 ","  104,500 ",yearly,"  1,000,000 ",married,non medical,15,10,traditional,retail agency,misselling 
39,husband,housewife,"  2,740,000 ","  195,779 ",yearly,"  7,500,000 ",married,non medical,15,10,traditional,retail agency,misselling 
20,son,business,"  300,000 ","  15,000 ",yearly,"  200,000 ",single,non medical,10,10,variable,bancassurance,misselling 
54,husband,service,"  300,000 ","  15,000 ",yearly,"  1,000,000 ",married,non medical,10,10,variable,bancassurance,misselling 
66,wife,retired,0 ,"  500,000 ",yearly,"  90,000 ",married,non medical,10,10,ulip,bancassurance,misselling 
60,spouse,retired,0 ,"  1,000,000 ",yearly,"  4,032,000 ",married,non medical,10,10,ulip,bancassurance,misselling 
70,son,profession,0 ,"  3,000,000 ",yearly,"  3,600,000 ",married,non medical,10,10,ulip,bancassurance,misselling 
54,wife,service,0 ,"  300,000 ",yearly,"  3,000,000 ",married,non medical,10,10,ulip,bancassurance,misselling 
43,father,profession,"  175,000 ","  5,000 ",yearly,"  1,000,000 ",married,non medical,10,10,traditional,retail agency,misselling 
43,father,profession,"  1,250,000 ","  125,000 ",yearly,"  1,000,000 ",married,non medical,12,10,ulip,retail agency,misselling 
43,wife,service,"  600,000 ","  19,700 ",yearly,"  840,000 ",married,non medical,10,10,traditional,bancassurance,misselling 
12,spouse,business,"  236,000 ","  33,410 ",yearly,"  504,000 ",married,non medical,12,10,traditional,institutional alliance,misselling 
48,wife,retired,0 ,"  2,000,000 ",single,"  600,000 ",married,non medical,72,10,pension,bancassurance,misselling 
58,wife,retired,0 ,"  400,000 ",yearly,"  1,580,000 ",married,non medical,10,10,pension,retail agency,misselling 
42,husband,business,0 ,"  1,000,000 ",yearly,"  4,800,000 ",married,non medical,10,10,pension,bancassurance,misselling 
43,father,profession,"  1,430,000 ","  104,500 ",yearly,"  1,000,000 ",married,non medical,15,10,traditional,retail agency,misselling 
39,husband,housewife,"  2,740,000 ","  195,779 ",yearly,"  7,500,000 ",married,non medical,15,10,traditional,retail agency,misselling 
20,son,business,"  300,000 ","  15,000 ",yearly,"  200,000 ",single,non medical,10,10,variable,bancassurance,misselling 
54,husband,service,"  300,000 ","  15,000 ",yearly,"  1,000,000 ",married,non medical,10,10,variable,bancassurance,misselling 
66,wife,retired,0 ,"  500,000 ",yearly,"  90,000 ",married,non medical,10,10,ulip,bancassurance,misselling 
60,spouse,retired,0 ,"  1,000,000 ",yearly,"  4,032,000 ",married,non medical,10,10,ulip,bancassurance,misselling 
70,son,profession,0 ,"  3,000,000 ",yearly,"  3,600,000 ",married,non medical,10,10,ulip,bancassurance,misselling 
54,wife,service,0 ,"  300,000 ",yearly,"  3,000,000 ",married,non medical,10,10,ulip,bancassurance,misselling 
43,father,profession,"  175,000 ","  5,000 ",yearly,"  1,000,000 ",married,non medical,10,10,traditional,retail agency,misselling 
43,father,profession,"  1,250,000 ","  125,000 ",yearly,"  1,000,000 ",married,non medical,12,10,ulip,retail agency,misselling 
43,wife,service,"  600,000 ","  19,700 ",yearly,"  840,000 ",married,non medical,10,10,traditional,bancassurance,misselling 
12,spouse,business,"  236,000 ","  33,410 ",yearly,"  504,000 ",married,non medical,12,10,traditional,institutional alliance,misselling 
48,wife,retired,0 ,"  2,000,000 ",single,"  600,000 ",married,non medical,72,10,pension,bancassurance,misselling 
58,wife,retired,0 ,"  400,000 ",yearly,"  1,580,000 ",married,non medical,10,10,pension,retail agency,misselling 
42,husband,business,0 ,"  1,000,000 ",yearly,"  4,800,000 ",married,non medical,10,10,pension,bancassurance,misselling 
43,father,profession,"  1,430,000 ","  104,500 ",yearly,"  1,000,000 ",married,non medical,15,10,traditional,retail agency,misselling 
39,husband,housewife,"  2,740,000 ","  195,779 ",yearly,"  7,500,000 ",married,non medical,15,10,traditional,retail agency,misselling 
20,son,business,"  300,000 ","  15,000 ",yearly,"  200,000 ",single,non medical,10,10,variable,bancassurance,misselling 
54,husband,service,"  300,000 ","  15,000 ",yearly,"  1,000,000 ",married,non medical,10,10,variable,bancassurance,misselling 
66,wife,retired,0 ,"  500,000 ",yearly,"  90,000 ",married,non medical,10,10,ulip,bancassurance,misselling 
60,spouse,retired,0 ,"  1,000,000 ",yearly,"  4,032,000 ",married,non medical,10,10,ulip,bancassurance,misselling 
70,son,profession,0 ,"  3,000,000 ",yearly,"  3,600,000 ",married,non medical,10,10,ulip,bancassurance,misselling 
54,wife,service,0 ,"  300,000 ",yearly,"  3,000,000 ",married,non medical,10,10,ulip,bancassurance,misselling 
43,father,profession,"  175,000 ","  5,000 ",yearly,"  1,000,000 ",married,non medical,10,10,traditional,retail agency,misselling 
43,father,profession,"  1,250,000 ","  125,000 ",yearly,"  1,000,000 ",married,non medical,12,10,ulip,retail agency,misselling 
43,wife,service,"  600,000 ","  19,700 ",yearly,"  840,000 ",married,non medical,10,10,traditional,bancassurance,misselling 
12,spouse,business,"  236,000 ","  33,410 ",yearly,"  504,000 ",married,non medical,12,10,traditional,institutional alliance,misselling 
48,wife,retired,0 ,"  2,000,000 ",single,"  600,000 ",married,non medical,72,10,pension,bancassurance,misselling 
58,wife,retired,0 ,"  400,000 ",yearly,"  1,580,000 ",married,non medical,10,10,pension,retail agency,misselling 
42,husband,business,0 ,"  1,000,000 ",yearly,"  4,800,000 ",married,non medical,10,10,pension,bancassurance,misselling 
43,father,profession,"  1,430,000 ","  104,500 ",yearly,"  1,000,000 ",married,non medical,15,10,traditional,retail agency,misselling 
39,husband,housewife,"  2,740,000 ","  195,779 ",yearly,"  7,500,000 ",married,non medical,15,10,traditional,retail agency,misselling 
20,son,business,"  300,000 ","  15,000 ",yearly,"  200,000 ",single,non medical,10,10,variable,bancassurance,misselling 
54,husband,service,"  300,000 ","  15,000 ",yearly,"  1,000,000 ",married,non medical,10,10,variable,bancassurance,misselling 
58,wife,retired,0 ,"  400,000 ",yearly,"  1,580,000 ",married,non medical,10,10,pension,retail agency,misselling 
43,father,profession,"  1,430,000 ","  104,500 ",yearly,"  1,000,000 ",married,non medical,15,10,traditional,retail agency,misselling 
66,wife,retired,0 ,"  500,000 ",yearly,"  90,000 ",married,non medical,10,10,ulip,bancassurance,misselling 
20,son,business,"  300,000 ","  15,000 ",yearly,"  200,000 ",single,non medical,10,10,variable,bancassurance,misselling 
43,father,profession,"  1,250,000 ","  125,000 ",yearly,"  1,000,000 ",married,non medical,12,10,ulip,retail agency,misselling 
48,wife,retired,0 ,"  2,000,000 ",single,"  600,000 ",married,non medical,72,10,pension,bancassurance,misselling 
70,son,profession,0 ,"  3,000,000 ",yearly,"  3,600,000 ",married,non medical,10,10,ulip,bancassurance,misselling 
60,spouse,retired,0 ,"  1,000,000 ",yearly,"  4,032,000 ",married,non medical,10,10,ulip,bancassurance,misselling 
54,husband,service,"  300,000 ","  15,000 ",yearly,"  1,000,000 ",married,non medical,10,10,variable,bancassurance,misselling 
43,father,profession,"  175,000 ","  5,000 ",yearly,"  1,000,000 ",married,non medical,10,10,traditional,retail agency,misselling 
29,father,agriculturist,"  475,000 ","  5,000 ",yearly,"  240,000 ",single,non medical,15,10,traditional,retail agency,claims fraud
45,spouse,business,"  200,000 ","  5,000 ",yearly,"  190,000 ",married,non medical,15,10,traditional,retail agency,claims fraud
42,son,business,"  200,000 ","  5,000 ",yearly,"  300,000 ",married,medical,15,10,traditional,retail agency,claims fraud
42,spouse,agriculturist,"  175,000 ","  5,000 ",yearly,"  300,000 ",married,non medical,10,10,traditional,retail agency,claims fraud
29,wife,agriculturist,"  475,000 ","  5,000 ",yearly,"  400,000 ",married,non medical,15,10,traditional,retail agency,claims fraud
28,mother,business,"  475,000 ","  5,000 ",yearly,"  225,000 ",married,non medical,15,10,traditional,retail agency,claims fraud
60,wife,retired,"  1,000,000 ","  100,000 ",yearly,"  300,000 ",married,medical,5,10,variable,bancassurance,claims fraud
47,spouse,agriculturist,"  228,000 ","  31,305 ",yearly,"  250,000 ",married,non medical,15,10,traditional,retail agency,claims fraud
47,wife,self-employed,"  900,000 ","  12,659 ",yearly,"  525,000 ",married,medical,23,10,traditional,retail agency,claims fraud
18,mother,business,"  900,000 ","  10,461 ",yearly,"  500,000 ",single,non medical,35,10,traditional,retail agency,claims fraud
49,spouse,service,"  75,000 ","  8,005 ",yearly,"  200,000 ",married,non medical,11,10,traditional,bancassurance,claims fraud
33,wife,agriculturist,"  1,000,000 ","  52,647 ",yearly,"  400,000 ",married,medical,20,10,traditional,retail agency,claims fraud
49,husband,housewife,"  500,000 ","  38,581 ",yearly,"  420,000 ",married,medical,15,10,traditional,retail agency,claims fraud
29,father,agriculturist,"  475,000 ","  5,000 ",yearly,"  240,000 ",single,non medical,15,10,traditional,retail agency,claims fraud
45,spouse,business,"  200,000 ","  5,000 ",yearly,"  190,000 ",married,non medical,15,10,traditional,retail agency,claims fraud
42,son,business,"  200,000 ","  5,000 ",yearly,"  300,000 ",married,medical,15,10,traditional,retail agency,claims fraud
42,spouse,agriculturist,"  175,000 ","  5,000 ",yearly,"  300,000 ",married,non medical,10,10,traditional,retail agency,claims fraud
29,wife,agriculturist,"  475,000 ","  5,000 ",yearly,"  400,000 ",married,non medical,15,10,traditional,retail agency,claims fraud
28,mother,business,"  475,000 ","  5,000 ",yearly,"  225,000 ",married,non medical,15,10,traditional,retail agency,claims fraud
60,wife,retired,"  1,000,000 ","  100,000 ",yearly,"  300,000 ",married,medical,5,10,variable,bancassurance,claims fraud
47,spouse,agriculturist,"  228,000 ","  31,305 ",yearly,"  250,000 ",married,non medical,15,10,traditional,retail agency,claims fraud
47,wife,self-employed,"  900,000 ","  12,659 ",yearly,"  525,000 ",married,medical,23,10,traditional,retail agency,claims fraud
18,mother,business,"  900,000 ","  10,461 ",yearly,"  500,000 ",single,non medical,35,10,traditional,retail agency,claims fraud
49,spouse,service,"  75,000 ","  8,005 ",yearly,"  200,000 ",married,non medical,11,10,traditional,bancassurance,claims fraud
33,wife,agriculturist,"  1,000,000 ","  52,647 ",yearly,"  400,000 ",married,medical,20,10,traditional,retail agency,claims fraud
49,husband,housewife,"  500,000 ","  38,581 ",yearly,"  420,000 ",married,medical,15,10,traditional,retail agency,claims fraud
29,father,agriculturist,"  475,000 ","  5,000 ",yearly,"  240,000 ",single,non medical,15,10,traditional,retail agency,claims fraud
45,spouse,business,"  200,000 ","  5,000 ",yearly,"  190,000 ",married,non medical,15,10,traditional,retail agency,claims fraud
42,son,business,"  200,000 ","  5,000 ",yearly,"  300,000 ",married,medical,15,10,traditional,retail agency,claims fraud
42,spouse,agriculturist,"  175,000 ","  5,000 ",yearly,"  300,000 ",married,non medical,10,10,traditional,retail agency,claims fraud
29,wife,agriculturist,"  475,000 ","  5,000 ",yearly,"  400,000 ",married,non medical,15,10,traditional,retail agency,claims fraud
28,mother,business,"  475,000 ","  5,000 ",yearly,"  225,000 ",married,non medical,15,10,traditional,retail agency,claims fraud
60,wife,retired,"  1,000,000 ","  100,000 ",yearly,"  300,000 ",married,medical,5,10,variable,bancassurance,claims fraud
47,spouse,agriculturist,"  228,000 ","  31,305 ",yearly,"  250,000 ",married,non medical,15,10,traditional,retail agency,claims fraud
47,wife,self-employed,"  900,000 ","  12,659 ",yearly,"  525,000 ",married,medical,23,10,traditional,retail agency,claims fraud
18,mother,business,"  900,000 ","  10,461 ",yearly,"  500,000 ",single,non medical,35,10,traditional,retail agency,claims fraud
49,spouse,service,"  75,000 ","  8,005 ",yearly,"  200,000 ",married,non medical,11,10,traditional,bancassurance,claims fraud
33,wife,agriculturist,"  1,000,000 ","  52,647 ",yearly,"  400,000 ",married,medical,20,10,traditional,retail agency,claims fraud
49,husband,housewife,"  500,000 ","  38,581 ",yearly,"  420,000 ",married,medical,15,10,traditional,retail agency,claims fraud
29,father,agriculturist,"  475,000 ","  5,000 ",yearly,"  240,000 ",single,non medical,15,10,traditional,retail agency,claims fraud
45,spouse,business,"  200,000 ","  5,000 ",yearly,"  190,000 ",married,non medical,15,10,traditional,retail agency,claims fraud
42,son,business,"  200,000 ","  5,000 ",yearly,"  300,000 ",married,medical,15,10,traditional,retail agency,claims fraud
42,spouse,agriculturist,"  175,000 ","  5,000 ",yearly,"  300,000 ",married,non medical,10,10,traditional,retail agency,claims fraud
29,wife,agriculturist,"  475,000 ","  5,000 ",yearly,"  400,000 ",married,non medical,15,10,traditional,retail agency,claims fraud
28,mother,business,"  475,000 ","  5,000 ",yearly,"  225,000 ",married,non medical,15,10,traditional,retail agency,claims fraud
60,wife,retired,"  1,000,000 ","  100,000 ",yearly,"  300,000 ",married,medical,5,10,variable,bancassurance,claims fraud
47,spouse,agriculturist,"  228,000 ","  31,305 ",yearly,"  250,000 ",married,non medical,15,10,traditional,retail agency,claims fraud
47,wife,self-employed,"  900,000 ","  12,659 ",yearly,"  525,000 ",married,medical,23,10,traditional,retail agency,claims fraud
18,mother,business,"  900,000 ","  10,461 ",yearly,"  500,000 ",single,non medical,35,10,traditional,retail agency,claims fraud
49,spouse,service,"  75,000 ","  8,005 ",yearly,"  200,000 ",married,non medical,11,10,traditional,bancassurance,claims fraud
33,wife,agriculturist,"  1,000,000 ","  52,647 ",yearly,"  400,000 ",married,medical,20,10,traditional,retail agency,claims fraud
49,husband,housewife,"  500,000 ","  38,581 ",yearly,"  420,000 ",married,medical,15,10,traditional,retail agency,claims fraud
29,father,agriculturist,"  475,000 ","  5,000 ",yearly,"  240,000 ",single,non medical,15,10,traditional,retail agency,claims fraud
45,spouse,business,"  200,000 ","  5,000 ",yearly,"  190,000 ",married,non medical,15,10,traditional,retail agency,claims fraud
42,son,business,"  200,000 ","  5,000 ",yearly,"  300,000 ",married,medical,15,10,traditional,retail agency,claims fraud
42,spouse,agriculturist,"  175,000 ","  5,000 ",yearly,"  300,000 ",married,non medical,10,10,traditional,retail agency,claims fraud
29,wife,agriculturist,"  475,000 ","  5,000 ",yearly,"  400,000 ",married,non medical,15,10,traditional,retail agency,claims fraud
28,mother,business,"  475,000 ","  5,000 ",yearly,"  225,000 ",married,non medical,15,10,traditional,retail agency,claims fraud
60,wife,retired,"  1,000,000 ","  100,000 ",yearly,"  300,000 ",married,medical,5,10,variable,bancassurance,claims fraud
47,spouse,agriculturist,"  228,000 ","  31,305 ",yearly,"  250,000 ",married,non medical,15,10,traditional,retail agency,claims fraud
47,wife,self-employed,"  900,000 ","  12,659 ",yearly,"  525,000 ",married,medical,23,10,traditional,retail agency,claims fraud
18,mother,business,"  900,000 ","  10,461 ",yearly,"  500,000 ",single,non medical,35,10,traditional,retail agency,claims fraud
49,spouse,service,"  75,000 ","  8,005 ",yearly,"  200,000 ",married,non medical,11,10,traditional,bancassurance,claims fraud
33,wife,agriculturist,"  1,000,000 ","  52,647 ",yearly,"  400,000 ",married,medical,20,10,traditional,retail agency,claims fraud
49,husband,housewife,"  500,000 ","  38,581 ",yearly,"  420,000 ",married,medical,15,10,traditional,retail agency,claims fraud
29,father,agriculturist,"  475,000 ","  5,000 ",yearly,"  240,000 ",single,non medical,15,10,traditional,retail agency,claims fraud
45,spouse,business,"  200,000 ","  5,000 ",yearly,"  190,000 ",married,non medical,15,10,traditional,retail agency,claims fraud
42,son,business,"  200,000 ","  5,000 ",yearly,"  300,000 ",married,medical,15,10,traditional,retail agency,claims fraud
42,spouse,agriculturist,"  175,000 ","  5,000 ",yearly,"  300,000 ",married,non medical,10,10,traditional,retail agency,claims fraud
29,wife,agriculturist,"  475,000 ","  5,000 ",yearly,"  400,000 ",married,non medical,15,10,traditional,retail agency,claims fraud
28,mother,business,"  475,000 ","  5,000 ",yearly,"  225,000 ",married,non medical,15,10,traditional,retail agency,claims fraud
60,wife,retired,"  1,000,000 ","  100,000 ",yearly,"  300,000 ",married,medical,5,10,variable,bancassurance,claims fraud
47,spouse,agriculturist,"  228,000 ","  31,305 ",yearly,"  250,000 ",married,non medical,15,10,traditional,retail agency,claims fraud
47,wife,self-employed,"  900,000 ","  12,659 ",yearly,"  525,000 ",married,medical,23,10,traditional,retail agency,claims fraud
18,mother,business,"  900,000 ","  10,461 ",yearly,"  500,000 ",single,non medical,35,10,traditional,retail agency,claims fraud
49,spouse,service,"  75,000 ","  8,005 ",yearly,"  200,000 ",married,non medical,11,10,traditional,bancassurance,claims fraud
33,wife,agriculturist,"  1,000,000 ","  52,647 ",yearly,"  400,000 ",married,medical,20,10,traditional,retail agency,claims fraud
49,husband,housewife,"  500,000 ","  38,581 ",yearly,"  420,000 ",married,medical,15,10,traditional,retail agency,claims fraud
29,father,agriculturist,"  475,000 ","  5,000 ",yearly,"  240,000 ",single,non medical,15,10,traditional,retail agency,claims fraud
45,spouse,business,"  200,000 ","  5,000 ",yearly,"  190,000 ",married,non medical,15,10,traditional,retail agency,claims fraud
42,son,business,"  200,000 ","  5,000 ",yearly,"  300,000 ",married,medical,15,10,traditional,retail agency,claims fraud
42,spouse,agriculturist,"  175,000 ","  5,000 ",yearly,"  300,000 ",married,non medical,10,10,traditional,retail agency,claims fraud
29,wife,agriculturist,"  475,000 ","  5,000 ",yearly,"  400,000 ",married,non medical,15,10,traditional,retail agency,claims fraud
28,mother,business,"  475,000 ","  5,000 ",yearly,"  225,000 ",married,non medical,15,10,traditional,retail agency,claims fraud
60,wife,retired,"  1,000,000 ","  100,000 ",yearly,"  300,000 ",married,medical,5,10,variable,bancassurance,claims fraud
47,spouse,agriculturist,"  228,000 ","  31,305 ",yearly,"  250,000 ",married,non medical,15,10,traditional,retail agency,claims fraud
47,wife,self-employed,"  900,000 ","  12,659 ",yearly,"  525,000 ",married,medical,23,10,traditional,retail agency,claims fraud
18,mother,business,"  900,000 ","  10,461 ",yearly,"  500,000 ",single,non medical,35,10,traditional,retail agency,claims fraud
49,spouse,service,"  75,000 ","  8,005 ",yearly,"  200,000 ",married,non medical,11,10,traditional,bancassurance,claims fraud
33,wife,agriculturist,"  1,000,000 ","  52,647 ",yearly,"  400,000 ",married,medical,20,10,traditional,retail agency,claims fraud
49,husband,housewife,"  500,000 ","  38,581 ",yearly,"  420,000 ",married,medical,15,10,traditional,retail agency,claims fraud
33,wife,agriculturist,"  1,000,000 ","  52,647 ",yearly,"  400,000 ",married,medical,20,10,traditional,retail agency,claims fraud
18,mother,business,"  900,000 ","  10,461 ",yearly,"  500,000 ",single,non medical,35,10,traditional,retail agency,claims fraud
29,father,agriculturist,"  475,000 ","  5,000 ",yearly,"  240,000 ",single,non medical,15,10,traditional,retail agency,claims fraud
47,wife,self-employed,"  900,000 ","  12,659 ",yearly,"  525,000 ",married,medical,23,10,traditional,retail agency,claims fraud
28,mother,business,"  475,000 ","  5,000 ",yearly,"  225,000 ",married,non medical,15,10,traditional,retail agency,claims fraud
42,son,business,"  200,000 ","  5,000 ",yearly,"  300,000 ",married,medical,15,10,traditional,retail agency,claims fraud
45,spouse,business,"  200,000 ","  5,000 ",yearly,"  190,000 ",married,non medical,15,10,traditional,retail agency,claims fraud
49,husband,housewife,"  500,000 ","  38,581 ",yearly,"  420,000 ",married,medical,15,10,traditional,retail agency,claims fraud
29,wife,agriculturist,"  475,000 ","  5,000 ",yearly,"  400,000 ",married,non medical,15,10,traditional,retail agency,claims fraud
61,spouse,retired,0 ,"  200,000 ",yearly,"  600,000 ",married,non medical,15,10,ulip,retail agency,Other Fraud
68,son,profession,0 ,"  500,000 ",yearly,"  3,000,000 ",married,non medical,10,10,ulip,retail agency,Other Fraud
47,wife,self-employed,"  125,000 ","  5,000 ",yearly,"  240,000 ",married,non medical,10,10,traditional,retail agency,Other Fraud
60,son,retired,"  999,000 ","  99,900 ",yearly,"  475,000 ",married,medical,10,3,ulip,retail agency,Other Fraud
33,brother,service,"  100,000 ","  9,034 ",yearly,"  350,000 ",married,non medical,15,10,traditional,retail agency,Other Fraud
42,spouse,retired,"  500,000 ","  44,638 ",yearly,"  900,000 ",married,medical,10,10,traditional,bancassurance,Other Fraud
37,wife,business,"  840,000 ","  104,500 ",yearly,"  480,000 ",married,non medical,15,10,traditional,institutional alliance,Other Fraud
28,father,service,"  2,200,000 ","  209,000 ",yearly,"  552,000 ",single,non medical,26,10,traditional,retail agency,Other Fraud
42,wife,business,"  1,650,000 ","  159,885 ",half yearly,"  500,000 ",married,medical,36,10,traditional,retail agency,Other Fraud
45,wife,agriculturist,"  450,000 ","  35,256 ",quarterly,"  290,000 ",married,medical,15,10,traditional,retail agency,Other Fraud
61,spouse,retired,0 ,"  200,000 ",yearly,"  600,000 ",married,non medical,15,10,ulip,retail agency,Other Fraud
68,son,profession,0 ,"  500,000 ",yearly,"  3,000,000 ",married,non medical,10,10,ulip,retail agency,Other Fraud
47,wife,self-employed,"  125,000 ","  5,000 ",yearly,"  240,000 ",married,non medical,10,10,traditional,retail agency,Other Fraud
60,son,retired,"  999,000 ","  99,900 ",yearly,"  475,000 ",married,medical,10,3,ulip,retail agency,Other Fraud
33,brother,service,"  100,000 ","  9,034 ",yearly,"  350,000 ",married,non medical,15,10,traditional,retail agency,Other Fraud
42,spouse,retired,"  500,000 ","  44,638 ",yearly,"  900,000 ",married,medical,10,10,traditional,bancassurance,Other Fraud
37,wife,business,"  840,000 ","  104,500 ",yearly,"  480,000 ",married,non medical,15,10,traditional,institutional alliance,Other Fraud
28,father,service,"  2,200,000 ","  209,000 ",yearly,"  552,000 ",single,non medical,26,10,traditional,retail agency,Other Fraud
42,wife,business,"  1,650,000 ","  159,885 ",half yearly,"  500,000 ",married,medical,36,10,traditional,retail agency,Other Fraud
45,wife,agriculturist,"  450,000 ","  35,256 ",quarterly,"  290,000 ",married,medical,15,10,traditional,retail agency,Other Fraud
61,spouse,retired,0 ,"  200,000 ",yearly,"  600,000 ",married,non medical,15,10,ulip,retail agency,Other Fraud
68,son,profession,0 ,"  500,000 ",yearly,"  3,000,000 ",married,non medical,10,10,ulip,retail agency,Other Fraud
47,wife,self-employed,"  125,000 ","  5,000 ",yearly,"  240,000 ",married,non medical,10,10,traditional,retail agency,Other Fraud
60,son,retired,"  999,000 ","  99,900 ",yearly,"  475,000 ",married,medical,10,3,ulip,retail agency,Other Fraud
33,brother,service,"  100,000 ","  9,034 ",yearly,"  350,000 ",married,non medical,15,10,traditional,retail agency,Other Fraud
42,spouse,retired,"  500,000 ","  44,638 ",yearly,"  900,000 ",married,medical,10,10,traditional,bancassurance,Other Fraud
37,wife,business,"  840,000 ","  104,500 ",yearly,"  480,000 ",married,non medical,15,10,traditional,institutional alliance,Other Fraud
28,father,service,"  2,200,000 ","  209,000 ",yearly,"  552,000 ",single,non medical,26,10,traditional,retail agency,Other Fraud
42,wife,business,"  1,650,000 ","  159,885 ",half yearly,"  500,000 ",married,medical,36,10,traditional,retail agency,Other Fraud
45,wife,agriculturist,"  450,000 ","  35,256 ",quarterly,"  290,000 ",married,medical,15,10,traditional,retail agency,Other Fraud
61,spouse,retired,0 ,"  200,000 ",yearly,"  600,000 ",married,non medical,15,10,ulip,retail agency,Other Fraud
68,son,profession,0 ,"  500,000 ",yearly,"  3,000,000 ",married,non medical,10,10,ulip,retail agency,Other Fraud
47,wife,self-employed,"  125,000 ","  5,000 ",yearly,"  240,000 ",married,non medical,10,10,traditional,retail agency,Other Fraud
60,son,retired,"  999,000 ","  99,900 ",yearly,"  475,000 ",married,medical,10,3,ulip,retail agency,Other Fraud
33,brother,service,"  100,000 ","  9,034 ",yearly,"  350,000 ",married,non medical,15,10,traditional,retail agency,Other Fraud
42,spouse,retired,"  500,000 ","  44,638 ",yearly,"  900,000 ",married,medical,10,10,traditional,bancassurance,Other Fraud
37,wife,business,"  840,000 ","  104,500 ",yearly,"  480,000 ",married,non medical,15,10,traditional,institutional alliance,Other Fraud
28,father,service,"  2,200,000 ","  209,000 ",yearly,"  552,000 ",single,non medical,26,10,traditional,retail agency,Other Fraud
42,wife,business,"  1,650,000 ","  159,885 ",half yearly,"  500,000 ",married,medical,36,10,traditional,retail agency,Other Fraud
45,wife,agriculturist,"  450,000 ","  35,256 ",quarterly,"  290,000 ",married,medical,15,10,traditional,retail agency,Other Fraud
61,spouse,retired,0 ,"  200,000 ",yearly,"  600,000 ",married,non medical,15,10,ulip,retail agency,Other Fraud
68,son,profession,0 ,"  500,000 ",yearly,"  3,000,000 ",married,non medical,10,10,ulip,retail agency,Other Fraud
47,wife,self-employed,"  125,000 ","  5,000 ",yearly,"  240,000 ",married,non medical,10,10,traditional,retail agency,Other Fraud
60,son,retired,"  999,000 ","  99,900 ",yearly,"  475,000 ",married,medical,10,3,ulip,retail agency,Other Fraud
33,brother,service,"  100,000 ","  9,034 ",yearly,"  350,000 ",married,non medical,15,10,traditional,retail agency,Other Fraud
42,spouse,retired,"  500,000 ","  44,638 ",yearly,"  900,000 ",married,medical,10,10,traditional,bancassurance,Other Fraud
37,wife,business,"  840,000 ","  104,500 ",yearly,"  480,000 ",married,non medical,15,10,traditional,institutional alliance,Other Fraud
28,father,service,"  2,200,000 ","  209,000 ",yearly,"  552,000 ",single,non medical,26,10,traditional,retail agency,Other Fraud
42,wife,business,"  1,650,000 ","  159,885 ",half yearly,"  500,000 ",married,medical,36,10,traditional,retail agency,Other Fraud
45,wife,agriculturist,"  450,000 ","  35,256 ",quarterly,"  290,000 ",married,medical,15,10,traditional,retail agency,Other Fraud
61,spouse,retired,0 ,"  200,000 ",yearly,"  600,000 ",married,non medical,15,10,ulip,retail agency,Other Fraud
68,son,profession,0 ,"  500,000 ",yearly,"  3,000,000 ",married,non medical,10,10,ulip,retail agency,Other Fraud
47,wife,self-employed,"  125,000 ","  5,000 ",yearly,"  240,000 ",married,non medical,10,10,traditional,retail agency,Other Fraud
60,son,retired,"  999,000 ","  99,900 ",yearly,"  475,000 ",married,medical,10,3,ulip,retail agency,Other Fraud
33,brother,service,"  100,000 ","  9,034 ",yearly,"  350,000 ",married,non medical,15,10,traditional,retail agency,Other Fraud
42,spouse,retired,"  500,000 ","  44,638 ",yearly,"  900,000 ",married,medical,10,10,traditional,bancassurance,Other Fraud
37,wife,business,"  840,000 ","  104,500 ",yearly,"  480,000 ",married,non medical,15,10,traditional,institutional alliance,Other Fraud
28,father,service,"  2,200,000 ","  209,000 ",yearly,"  552,000 ",single,non medical,26,10,traditional,retail agency,Other Fraud
42,wife,business,"  1,650,000 ","  159,885 ",half yearly,"  500,000 ",married,medical,36,10,traditional,retail agency,Other Fraud
45,wife,agriculturist,"  450,000 ","  35,256 ",quarterly,"  290,000 ",married,medical,15,10,traditional,retail agency,Other Fraud
61,spouse,retired,0 ,"  200,000 ",yearly,"  600,000 ",married,non medical,15,10,ulip,retail agency,Other Fraud
68,son,profession,0 ,"  500,000 ",yearly,"  3,000,000 ",married,non medical,10,10,ulip,retail agency,Other Fraud
47,wife,self-employed,"  125,000 ","  5,000 ",yearly,"  240,000 ",married,non medical,10,10,traditional,retail agency,Other Fraud
60,son,retired,"  999,000 ","  99,900 ",yearly,"  475,000 ",married,medical,10,3,ulip,retail agency,Other Fraud
33,brother,service,"  100,000 ","  9,034 ",yearly,"  350,000 ",married,non medical,15,10,traditional,retail agency,Other Fraud
42,spouse,retired,"  500,000 ","  44,638 ",yearly,"  900,000 ",married,medical,10,10,traditional,bancassurance,Other Fraud
37,wife,business,"  840,000 ","  104,500 ",yearly,"  480,000 ",married,non medical,15,10,traditional,institutional alliance,Other Fraud
28,father,service,"  2,200,000 ","  209,000 ",yearly,"  552,000 ",single,non medical,26,10,traditional,retail agency,Other Fraud
42,wife,business,"  1,650,000 ","  159,885 ",half yearly,"  500,000 ",married,medical,36,10,traditional,retail agency,Other Fraud
45,wife,agriculturist,"  450,000 ","  35,256 ",quarterly,"  290,000 ",married,medical,15,10,traditional,retail agency,Other Fraud
61,spouse,retired,0 ,"  200,000 ",yearly,"  600,000 ",married,non medical,15,10,ulip,retail agency,Other Fraud
68,son,profession,0 ,"  500,000 ",yearly,"  3,000,000 ",married,non medical,10,10,ulip,retail agency,Other Fraud
47,wife,self-employed,"  125,000 ","  5,000 ",yearly,"  240,000 ",married,non medical,10,10,traditional,retail agency,Other Fraud
60,son,retired,"  999,000 ","  99,900 ",yearly,"  475,000 ",married,medical,10,3,ulip,retail agency,Other Fraud
33,brother,service,"  100,000 ","  9,034 ",yearly,"  350,000 ",married,non medical,15,10,traditional,retail agency,Other Fraud
42,spouse,retired,"  500,000 ","  44,638 ",yearly,"  900,000 ",married,medical,10,10,traditional,bancassurance,Other Fraud
37,wife,business,"  840,000 ","  104,500 ",yearly,"  480,000 ",married,non medical,15,10,traditional,institutional alliance,Other Fraud
28,father,service,"  2,200,000 ","  209,000 ",yearly,"  552,000 ",single,non medical,26,10,traditional,retail agency,Other Fraud
42,wife,business,"  1,650,000 ","  159,885 ",half yearly,"  500,000 ",married,medical,36,10,traditional,retail agency,Other Fraud
45,wife,agriculturist,"  450,000 ","  35,256 ",quarterly,"  290,000 ",married,medical,15,10,traditional,retail agency,Other Fraud
61,spouse,retired,0 ,"  200,000 ",yearly,"  600,000 ",married,non medical,15,10,ulip,retail agency,Other Fraud
68,son,profession,0 ,"  500,000 ",yearly,"  3,000,000 ",married,non medical,10,10,ulip,retail agency,Other Fraud
47,wife,self-employed,"  125,000 ","  5,000 ",yearly,"  240,000 ",married,non medical,10,10,traditional,retail agency,Other Fraud
60,son,retired,"  999,000 ","  99,900 ",yearly,"  475,000 ",married,medical,10,3,ulip,retail agency,Other Fraud
33,brother,service,"  100,000 ","  9,034 ",yearly,"  350,000 ",married,non medical,15,10,traditional,retail agency,Other Fraud
42,spouse,retired,"  500,000 ","  44,638 ",yearly,"  900,000 ",married,medical,10,10,traditional,bancassurance,Other Fraud
37,wife,business,"  840,000 ","  104,500 ",yearly,"  480,000 ",married,non medical,15,10,traditional,institutional alliance,Other Fraud
28,father,service,"  2,200,000 ","  209,000 ",yearly,"  552,000 ",single,non medical,26,10,traditional,retail agency,Other Fraud
42,wife,business,"  1,650,000 ","  159,885 ",half yearly,"  500,000 ",married,medical,36,10,traditional,retail agency,Other Fraud
45,wife,agriculturist,"  450,000 ","  35,256 ",quarterly,"  290,000 ",married,medical,15,10,traditional,retail agency,Other Fraud
61,spouse,retired,0 ,"  200,000 ",yearly,"  600,000 ",married,non medical,15,10,ulip,retail agency,Other Fraud
68,son,profession,0 ,"  500,000 ",yearly,"  3,000,000 ",married,non medical,10,10,ulip,retail agency,Other Fraud
47,wife,self-employed,"  125,000 ","  5,000 ",yearly,"  240,000 ",married,non medical,10,10,traditional,retail agency,Other Fraud
60,son,retired,"  999,000 ","  99,900 ",yearly,"  475,000 ",married,medical,10,3,ulip,retail agency,Other Fraud
33,brother,service,"  100,000 ","  9,034 ",yearly,"  350,000 ",married,non medical,15,10,traditional,retail agency,Other Fraud
42,spouse,retired,"  500,000 ","  44,638 ",yearly,"  900,000 ",married,medical,10,10,traditional,bancassurance,Other Fraud
37,wife,business,"  840,000 ","  104,500 ",yearly,"  480,000 ",married,non medical,15,10,traditional,institutional alliance,Other Fraud
28,father,service,"  2,200,000 ","  209,000 ",yearly,"  552,000 ",single,non medical,26,10,traditional,retail agency,Other Fraud
42,wife,business,"  1,650,000 ","  159,885 ",half yearly,"  500,000 ",married,medical,36,10,traditional,retail agency,Other Fraud
45,wife,agriculturist,"  450,000 ","  35,256 ",quarterly,"  290,000 ",married,medical,15,10,traditional,retail agency,Other Fraud
